Order_ID,Date,Product,Category,City,Quantity,Price,Revenue,Month
1001,2025-02-19,Printer,Electronics,Kolkata,3.0,9591,28773.0,2
1002,2025-08-08,Pen,Stationery,Hyderabad,5.0,318,1590.0,8
1003,2025-07-28,Mouse,Electronics,Chennai,1.0,697,697.0,7
1004,2025-08-15,Chair,Furniture,Ahmedabad,1.0,3410,3410.0,8
1005,2025-04-12,Mouse,Electronics,Mumbai,3.0,624,1872.0,4
1006,2025-10-20,Notebook,Stationery,Ahmedabad,4.0,244,976.0,10
1007,2025-03-05,Table,Furniture,Ahmedabad,2.0,7253,14506.0,3
1008,2025-03-16,Laptop,Electronics,Hyderabad,3.0,54950,164850.0,3
1009,2025-11-22,Bag,Accessories,Ahmedabad,3.0,1218,3654.0,11
1010,2025-08-22,Keyboard,Electronics,Mumbai,2.0,1432,2864.0,8
1011,2025-01-11,Chair,Furniture,Hyderabad,4.0,3407,13628.0,1
1012,2025-10-08,Pen,Stationery,Chennai,3.0,2,6.0,10
1013,2025-12-30,Chair,Furniture,Kolkata,2.0,3674,7348.0,12
1014,2025-04-09,Table,Furniture,Hyderabad,4.0,7285,29140.0,4
1015,2025-12-25,Chair,Furniture,Pune,5.0,3693,18465.0,12
1016,2025-02-06,Keyboard,Electronics,Kolkata,3.0,1322,3966.0,2
1017,2025-02-25,Sofa,Furniture,Ahmedabad,3.0,15122,45366.0,2
1018,2025-02-01,Mouse,Electronics,Bangalore,3.0,521,1563.0,2
1019,2025-08-13,Pen,Stationery,Delhi,2.0,107,214.0,8
1020,2025-03-08,Printer,Electronics,Delhi,1.0,9427,9427.0,3
1021,2025-07-16,Laptop,Electronics,Mumbai,5.0,55083,275415.0,7
1022,2025-04-20,Table,Furniture,Mumbai,1.0,6908,6908.0,4
1023,2025-11-12,Monitor,Electronics,Chennai,2.0,8403,16806.0,11
1024,2025-11-06,Chair,Furniture,Chennai,1.0,3565,3565.0,11
1025,2025-07-04,Table,Furniture,Ahmedabad,4.0,7104,28416.0,7
1026,2025-04-22,Bottle,Accessories,Chennai,2.0,357,714.0,4
1027,2025-02-17,Keyboard,Electronics,Chennai,1.0,1195,1195.0,2
1028,2025-02-05,Notebook,Stationery,Pune,5.0,107,535.0,2
1029,2025-11-09,Pen,Stationery,Pune,5.0,155,775.0,11
1030,2025-01-21,Laptop,Electronics,Chennai,4.0,54961,219844.0,1
1031,2025-12-30,Printer,Electronics,Bangalore,5.0,9576,47880.0,12
1032,2025-08-24,Mouse,Electronics,Hyderabad,5.0,762,3810.0,8
1033,2025-04-15,Table,Furniture,Pune,5.0,6999,34995.0,4
1034,2025-04-01,Monitor,Electronics,Hyderabad,5.0,8453,42265.0,4
1035,2025-01-21,Laptop,Electronics,Ahmedabad,1.0,54996,54996.0,1
1036,2025-08-09,Sofa,Furniture,Chennai,1.0,15276,15276.0,8
1037,2025-02-01,Monitor,Electronics,Ahmedabad,5.0,8479,42395.0,2
1038,2025-11-18,Sofa,Furniture,Bangalore,2.0,14930,29860.0,11
1039,2025-08-23,Bottle,Accessories,Bangalore,4.0,231,924.0,8
1040,2025-12-08,Table,Furniture,Hyderabad,5.0,7100,35500.0,12
1041,2025-07-30,Laptop,Electronics,Mumbai,5.0,55178,275890.0,7
1042,2025-07-15,Pen,Stationery,Chennai,3.0,184,552.0,7
1043,2025-08-08,Bag,Accessories,Mumbai,1.0,1414,1414.0,8
1044,2025-06-23,Pen,Stationery,Kolkata,3.0,8,24.0,6
1045,2025-12-05,Bottle,Accessories,Delhi,1.0,301,301.0,12
1046,2025-02-17,Pen,Stationery,Kolkata,2.0,93,186.0,2
1047,2025-12-02,Pen,Stationery,Bangalore,2.0,-44,-88.0,12
1048,2025-09-15,Keyboard,Electronics,Delhi,3.0,1189,3567.0,9
1049,2025-01-06,Notebook,Stationery,Ahmedabad,2.0,307,614.0,1
1050,2025-06-22,Chair,Furniture,Pune,4.0,3730,14920.0,6
1051,2025-07-30,Sofa,Furniture,Bangalore,1.0,15123,15123.0,7
1052,2025-02-16,Bag,Accessories,Bangalore,3.0,1125,3375.0,2
1053,2025-06-19,Bag,Accessories,Pune,4.0,1229,4916.0,6
1054,2025-11-02,Sofa,Furniture,Kolkata,4.0,15038,60152.0,11
1055,2025-07-26,Sofa,Furniture,Chennai,5.0,15108,75540.0,7
1056,2025-07-01,Bag,Accessories,Delhi,2.0,1482,2964.0,7
1057,2025-04-09,Bag,Accessories,Delhi,5.0,1128,5640.0,4
1058,2025-11-08,Bag,Accessories,Kolkata,4.0,1493,5972.0,11
1059,2025-02-12,Pen,Stationery,Mumbai,5.0,273,1365.0,2
1060,2025-03-10,Bottle,Accessories,Mumbai,5.0,364,1820.0,3
1061,2025-11-04,Mouse,Electronics,Hyderabad,4.0,748,2992.0,11
1062,2025-12-03,Pen,Stationery,Hyderabad,2.0,318,636.0,12
1063,2025-04-08,Mouse,Electronics,Bangalore,5.0,568,2840.0,4
1064,2025-08-14,Keyboard,Electronics,Mumbai,5.0,1265,6325.0,8
1065,2025-10-20,Printer,Electronics,Hyderabad,3.0,9464,28392.0,10
1066,2025-12-30,Chair,Furniture,Hyderabad,5.0,3499,17495.0,12
1067,2025-07-05,Keyboard,Electronics,Delhi,5.0,1487,7435.0,7
1068,2025-06-08,Monitor,Electronics,Delhi,5.0,8548,42740.0,6
1069,2025-07-18,Mouse,Electronics,Pune,2.0,666,1332.0,7
1070,2025-04-13,Laptop,Electronics,Hyderabad,5.0,55022,275110.0,4
1071,2025-06-18,Bottle,Accessories,Chennai,5.0,550,2750.0,6
1072,2025-01-22,Mouse,Electronics,Kolkata,2.0,776,1552.0,1
1073,2025-07-15,Keyboard,Electronics,Kolkata,4.0,1276,5104.0,7
1074,2025-10-08,Printer,Electronics,Mumbai,2.0,9727,19454.0,10
1075,2025-11-20,Bag,Accessories,Delhi,5.0,1207,6035.0,11
1076,2025-01-18,Table,Furniture,Pune,2.0,7077,14154.0,1
1077,2025-10-09,Bottle,Accessories,Ahmedabad,5.0,406,2030.0,10
1078,2025-10-22,Keyboard,Electronics,Mumbai,2.0,1162,2324.0,10
1079,2025-04-27,Table,Furniture,Kolkata,3.0,6981,20943.0,4
1080,2025-07-17,Monitor,Electronics,Kolkata,4.0,8496,33984.0,7
1081,2025-06-29,Keyboard,Electronics,Chennai,1.0,1456,1456.0,6
1082,2025-11-29,Bottle,Accessories,Chennai,1.0,521,521.0,11
1083,2025-12-01,Keyboard,Electronics,Bangalore,2.0,1411,2822.0,12
1084,2026-01-01,Bag,Accessories,Kolkata,3.0,1281,3843.0,1
1085,2025-02-01,Mouse,Electronics,Bangalore,1.0,632,632.0,2
1086,2025-05-02,Pen,Stationery,Delhi,4.0,6,24.0,5
1087,2025-05-07,Mouse,Electronics,Pune,3.0,548,1644.0,5
1088,2025-07-13,Chair,Furniture,Bangalore,2.0,3679,7358.0,7
1089,2025-05-27,Monitor,Electronics,Delhi,2.0,8493,16986.0,5
1090,2025-12-18,Chair,Furniture,Pune,1.0,3799,3799.0,12
1091,2025-08-04,Notebook,Stationery,Hyderabad,4.0,132,528.0,8
1092,2025-03-28,Notebook,Stationery,Ahmedabad,3.0,-11,-33.0,3
1093,2025-07-29,Keyboard,Electronics,Ahmedabad,2.0,1330,2660.0,7
1094,2025-03-22,Notebook,Stationery,Ahmedabad,5.0,270,1350.0,3
1095,2025-04-17,Printer,Electronics,Delhi,5.0,9735,48675.0,4
1096,2025-04-23,Chair,Furniture,Kolkata,5.0,3616,18080.0,4
1097,2025-09-29,Chair,Furniture,Bangalore,3.0,3784,11352.0,9
1098,2025-08-02,Mouse,Electronics,Delhi,3.0,756,2268.0,8
1099,2025-01-24,Sofa,Furniture,Chennai,1.0,15116,15116.0,1
1100,2025-08-07,Bag,Accessories,Ahmedabad,3.0,1497,4491.0,8
1101,2025-11-29,Mouse,Electronics,Hyderabad,1.0,661,661.0,11
1102,2025-07-31,Monitor,Electronics,Delhi,5.0,8421,42105.0,7
1103,2025-06-20,Keyboard,Electronics,Pune,4.0,1121,4484.0,6
1104,2025-05-06,Bag,Accessories,Delhi,5.0,1374,6870.0,5
1105,2025-05-18,Table,Furniture,Kolkata,5.0,7116,35580.0,5
1106,2025-04-26,Notebook,Stationery,Delhi,5.0,-6,-30.0,4
1107,2025-10-28,Table,Furniture,Kolkata,5.0,6904,34520.0,10
1108,2025-02-14,Pen,Stationery,Mumbai,3.0,250,750.0,2
1109,2025-06-29,Sofa,Furniture,Mumbai,3.0,15203,45609.0,6
1110,2025-07-19,Chair,Furniture,Bangalore,2.0,3764,7528.0,7
1111,2025-12-27,Table,Furniture,Hyderabad,5.0,7293,36465.0,12
1112,2025-06-09,Laptop,Electronics,Kolkata,2.0,55241,110482.0,6
1113,2025-04-01,Notebook,Stationery,Ahmedabad,4.0,155,620.0,4
1114,2025-10-27,Laptop,Electronics,Mumbai,5.0,54980,274900.0,10
1115,2025-11-13,Notebook,Stationery,Mumbai,5.0,39,195.0,11
1116,2025-03-29,Mouse,Electronics,Chennai,1.0,412,412.0,3
1117,2025-02-15,Notebook,Stationery,Delhi,4.0,189,756.0,2
1118,2025-07-11,Printer,Electronics,Mumbai,4.0,9426,37704.0,7
1119,2025-05-15,Printer,Electronics,Bangalore,4.0,9708,38832.0,5
1120,2025-05-30,Chair,Furniture,Chennai,3.0,3612,10836.0,5
1121,2025-01-02,Bottle,Accessories,Kolkata,1.0,450,450.0,1
1122,2025-08-21,Bag,Accessories,Chennai,4.0,1352,5408.0,8
1123,2025-08-07,Notebook,Stationery,Bangalore,4.0,252,1008.0,8
1124,2025-01-26,Mouse,Electronics,Mumbai,2.0,677,1354.0,1
1125,2025-12-08,Mouse,Electronics,Hyderabad,5.0,402,2010.0,12
1126,2025-02-05,Printer,Electronics,Pune,1.0,9407,9407.0,2
1127,2025-12-22,Bag,Accessories,Mumbai,4.0,1451,5804.0,12
1128,2025-09-30,Laptop,Electronics,Chennai,4.0,55182,220728.0,9
1129,2025-01-23,Table,Furniture,Pune,5.0,7029,35145.0,1
1130,2025-09-17,Laptop,Electronics,Ahmedabad,2.0,54942,109884.0,9
1131,2025-01-19,Mouse,Electronics,Chennai,4.0,633,2532.0,1
1132,2025-03-18,Bottle,Accessories,Pune,4.0,566,2264.0,3
1133,2025-01-06,Keyboard,Electronics,Chennai,2.0,1200,2400.0,1
1134,2025-10-10,Notebook,Stationery,Bangalore,4.0,280,1120.0,10
1135,2025-04-25,Bottle,Accessories,Bangalore,1.0,400,400.0,4
1136,2025-05-25,Sofa,Furniture,Hyderabad,5.0,15146,75730.0,5
1137,2025-03-18,Table,Furniture,Chennai,1.0,7100,7100.0,3
1138,2025-09-24,Bottle,Accessories,Hyderabad,3.0,504,1512.0,9
1139,2025-11-18,Keyboard,Electronics,Chennai,4.0,1408,5632.0,11
1140,2025-10-21,Chair,Furniture,Pune,1.0,3485,3485.0,10
1141,2025-09-23,Printer,Electronics,Pune,4.0,9697,38788.0,9
1142,2025-03-20,Printer,Electronics,Mumbai,1.0,9732,9732.0,3
1143,2025-11-20,Mouse,Electronics,Pune,1.0,601,601.0,11
1144,2025-09-18,Chair,Furniture,Mumbai,5.0,3797,18985.0,9
1145,2025-03-07,Notebook,Stationery,Mumbai,4.0,235,940.0,3
1146,2025-06-06,Chair,Furniture,Pune,4.0,3526,14104.0,6
1147,2025-11-10,Bottle,Accessories,Mumbai,4.0,317,1268.0,11
1148,2025-11-26,Bag,Accessories,Pune,2.0,1447,2894.0,11
1149,2025-01-09,Bag,Accessories,Mumbai,5.0,1485,7425.0,1
1150,2025-04-17,Table,Furniture,Chennai,2.0,7139,14278.0,4
1151,2025-06-20,Chair,Furniture,Bangalore,5.0,3442,17210.0,6
1152,2025-05-02,Monitor,Electronics,Delhi,3.0,8681,26043.0,5
1153,2025-05-06,Chair,Furniture,Delhi,1.0,3441,3441.0,5
1154,2025-08-30,Bottle,Accessories,Bangalore,1.0,528,528.0,8
1155,2025-01-12,Laptop,Electronics,Pune,1.0,55008,55008.0,1
1156,2025-06-28,Monitor,Electronics,Pune,1.0,8478,8478.0,6
1157,2025-04-12,Chair,Furniture,Pune,3.0,3604,10812.0,4
1158,2025-06-15,Sofa,Furniture,Chennai,3.0,15123,45369.0,6
1159,2025-09-20,Chair,Furniture,Hyderabad,1.0,3436,3436.0,9
1160,2025-10-20,Bag,Accessories,Ahmedabad,4.0,1213,4852.0,10
1161,2025-02-18,Bottle,Accessories,Kolkata,1.0,349,349.0,2
1162,2025-12-03,Monitor,Electronics,Bangalore,1.0,8776,8776.0,12
1163,2025-04-29,Bottle,Accessories,Chennai,5.0,490,2450.0,4
1164,2025-11-01,Keyboard,Electronics,Kolkata,3.0,1317,3951.0,11
1165,2025-07-26,Monitor,Electronics,Ahmedabad,1.0,8481,8481.0,7
1166,2025-03-28,Table,Furniture,Delhi,2.0,7258,14516.0,3
1167,2025-12-13,Pen,Stationery,Bangalore,3.0,264,792.0,12
1168,2025-04-07,Keyboard,Electronics,Bangalore,5.0,1317,6585.0,4
1169,2025-03-08,Table,Furniture,Bangalore,4.0,7034,28136.0,3
1170,2025-07-27,Keyboard,Electronics,Pune,5.0,1380,6900.0,7
1171,2025-10-28,Pen,Stationery,Mumbai,4.0,-21,-84.0,10
1172,2025-06-11,Table,Furniture,Chennai,4.0,7300,29200.0,6
1173,2025-01-29,Bag,Accessories,Bangalore,1.0,1213,1213.0,1
1174,2025-04-02,Pen,Stationery,Kolkata,4.0,140,560.0,4
1175,2025-10-03,Printer,Electronics,Ahmedabad,3.0,9590,28770.0,10
1176,2025-05-03,Chair,Furniture,Hyderabad,3.0,3477,10431.0,5
1177,2025-01-11,Chair,Furniture,Pune,2.0,3419,6838.0,1
1178,2025-01-13,Laptop,Electronics,Delhi,3.0,55039,165117.0,1
1179,2025-05-29,Monitor,Electronics,Mumbai,1.0,8731,8731.0,5
1180,2025-09-12,Bottle,Accessories,Ahmedabad,5.0,490,2450.0,9
1181,2025-04-24,Laptop,Electronics,Chennai,2.0,55255,110510.0,4
1182,2025-05-04,Pen,Stationery,Ahmedabad,2.0,314,628.0,5
1183,2025-08-06,Keyboard,Electronics,Hyderabad,1.0,1397,1397.0,8
1184,2025-05-27,Bottle,Accessories,Delhi,3.0,462,1386.0,5
1185,2025-10-22,Table,Furniture,Bangalore,1.0,6973,6973.0,10
1186,2025-05-19,Keyboard,Electronics,Mumbai,3.0,1468,4404.0,5
1187,2025-05-14,Notebook,Stationery,Bangalore,1.0,262,262.0,5
1188,2025-11-04,Notebook,Stationery,Pune,3.0,130,390.0,11
1189,2025-11-10,Bag,Accessories,Ahmedabad,1.0,1405,1405.0,11
1190,2025-07-19,Laptop,Electronics,Mumbai,3.0,55069,165207.0,7
1191,2025-03-14,Monitor,Electronics,Hyderabad,3.0,8650,25950.0,3
1192,2025-01-13,Bottle,Accessories,Mumbai,3.0,356,1068.0,1
1193,2025-05-03,Keyboard,Electronics,Hyderabad,1.0,1243,1243.0,5
1194,2025-04-05,Laptop,Electronics,Kolkata,4.0,55239,220956.0,4
1195,2025-12-25,Printer,Electronics,Mumbai,2.0,9497,18994.0,12
1196,2025-02-21,Pen,Stationery,Mumbai,5.0,200,1000.0,2
1197,2025-03-24,Keyboard,Electronics,Pune,4.0,1393,5572.0,3
1198,2025-08-26,Laptop,Electronics,Bangalore,5.0,54976,274880.0,8
1199,2025-11-26,Pen,Stationery,Hyderabad,4.0,242,968.0,11
1200,2025-08-14,Monitor,Electronics,Mumbai,5.0,8458,42290.0,8
1201,2025-12-22,Bottle,Accessories,Kolkata,3.0,380,1140.0,12
1202,2025-05-26,Laptop,Electronics,Kolkata,3.0,55025,165075.0,5
1203,2025-03-06,Monitor,Electronics,Mumbai,2.0,8473,16946.0,3
1204,2025-11-27,Table,Furniture,Pune,4.0,6942,27768.0,11
1205,2025-12-15,Chair,Furniture,Delhi,3.0,3776,11328.0,12
1206,2025-02-07,Notebook,Stationery,Kolkata,2.0,94,188.0,2
1207,2025-01-30,Chair,Furniture,Kolkata,4.0,3779,15116.0,1
1208,2025-11-07,Sofa,Furniture,Bangalore,3.0,15217,45651.0,11
1209,2025-05-12,Bag,Accessories,Hyderabad,1.0,1157,1157.0,5
1210,2025-11-23,Pen,Stationery,Ahmedabad,3.0,288,864.0,11
1211,2025-10-25,Mouse,Electronics,Hyderabad,3.0,717,2151.0,10
1212,2025-03-26,Notebook,Stationery,Ahmedabad,2.0,5,10.0,3
1213,2025-02-16,Monitor,Electronics,Kolkata,4.0,8757,35028.0,2
1214,2025-04-22,Table,Furniture,Ahmedabad,3.0,7208,21624.0,4
1215,2025-03-12,Bottle,Accessories,Delhi,3.0,537,1611.0,3
1216,2025-11-12,Sofa,Furniture,Mumbai,4.0,15025,60100.0,11
1217,2025-01-07,Sofa,Furniture,Chennai,5.0,14920,74600.0,1
1218,2025-11-10,Notebook,Stationery,Delhi,4.0,351,1404.0,11
1219,2025-02-22,Bottle,Accessories,Delhi,1.0,274,274.0,2
1220,2025-12-28,Bag,Accessories,Pune,4.0,1343,5372.0,12
1221,2025-10-28,Pen,Stationery,Chennai,2.0,94,188.0,10
1222,2025-04-28,Bag,Accessories,Mumbai,4.0,1490,5960.0,4
1223,2025-02-09,Mouse,Electronics,Hyderabad,1.0,660,660.0,2
1224,2025-05-07,Monitor,Electronics,Hyderabad,1.0,8662,8662.0,5
1225,2025-05-12,Sofa,Furniture,Delhi,4.0,15083,60332.0,5
1226,2025-08-19,Mouse,Electronics,Hyderabad,5.0,716,3580.0,8
1227,2025-06-28,Chair,Furniture,Bangalore,2.0,3675,7350.0,6
1228,2025-05-05,Keyboard,Electronics,Pune,4.0,1119,4476.0,5
1229,2025-12-01,Table,Furniture,Chennai,5.0,6905,34525.0,12
1230,2025-01-30,Mouse,Electronics,Hyderabad,4.0,505,2020.0,1
1231,2025-11-21,Mouse,Electronics,Hyderabad,3.0,645,1935.0,11
1232,2025-01-29,Pen,Stationery,Ahmedabad,1.0,175,175.0,1
1233,2025-03-21,Mouse,Electronics,Pune,4.0,694,2776.0,3
1234,2025-10-08,Laptop,Electronics,Ahmedabad,5.0,54905,274525.0,10
1235,2025-04-05,Chair,Furniture,Bangalore,5.0,3444,17220.0,4
1236,2025-09-07,Sofa,Furniture,Delhi,4.0,15172,60688.0,9
1237,2025-06-30,Keyboard,Electronics,Pune,3.0,1306,3918.0,6
1238,2025-07-15,Chair,Furniture,Bangalore,5.0,3475,17375.0,7
1239,2025-02-23,Pen,Stationery,Delhi,4.0,310,1240.0,2
1240,2025-11-30,Chair,Furniture,Mumbai,5.0,3433,17165.0,11
1241,2025-01-29,Chair,Furniture,Chennai,5.0,3739,18695.0,1
1242,2025-09-27,Pen,Stationery,Chennai,1.0,14,14.0,9
1243,2025-10-15,Bottle,Accessories,Chennai,5.0,237,1185.0,10
1244,2025-08-04,Printer,Electronics,Mumbai,5.0,9698,48490.0,8
1245,2025-06-05,Chair,Furniture,Hyderabad,1.0,3712,3712.0,6
1246,2025-11-08,Sofa,Furniture,Bangalore,5.0,15048,75240.0,11
1247,2025-02-22,Notebook,Stationery,Mumbai,2.0,363,726.0,2
1248,2025-04-19,Keyboard,Electronics,Pune,2.0,1166,2332.0,4
1249,2025-03-06,Bag,Accessories,Chennai,5.0,1375,6875.0,3
1250,2025-12-15,Mouse,Electronics,Hyderabad,1.0,781,781.0,12
1251,2025-02-09,Notebook,Stationery,Mumbai,2.0,92,184.0,2
1252,2025-09-08,Bottle,Accessories,Ahmedabad,2.0,539,1078.0,9
1253,2025-08-05,Notebook,Stationery,Chennai,2.0,331,662.0,8
1254,2025-01-26,Mouse,Electronics,Chennai,3.0,591,1773.0,1
1255,2025-05-09,Chair,Furniture,Pune,4.0,3554,14216.0,5
1256,2025-03-13,Bag,Accessories,Hyderabad,3.0,1448,4344.0,3
1257,2025-05-02,Laptop,Electronics,Kolkata,3.0,55132,165396.0,5
1258,2025-12-31,Pen,Stationery,Mumbai,3.0,36,108.0,12
1259,2025-12-19,Bottle,Accessories,Bangalore,4.0,398,1592.0,12
1260,2025-09-19,Laptop,Electronics,Delhi,3.0,55042,165126.0,9
1261,2025-07-14,Mouse,Electronics,Bangalore,2.0,703,1406.0,7
1262,2025-03-13,Keyboard,Electronics,Ahmedabad,3.0,1148,3444.0,3
1263,2025-04-28,Sofa,Furniture,Mumbai,4.0,15152,60608.0,4
1264,2025-04-21,Pen,Stationery,Hyderabad,3.0,143,429.0,4
1265,2025-07-24,Keyboard,Electronics,Bangalore,1.0,1207,1207.0,7
1266,2025-02-03,Pen,Stationery,Hyderabad,1.0,113,113.0,2
1267,2025-09-22,Chair,Furniture,Kolkata,1.0,3520,3520.0,9
1268,2025-07-09,Printer,Electronics,Chennai,3.0,9546,28638.0,7
1269,2025-04-13,Notebook,Stationery,Delhi,2.0,206,412.0,4
1270,2025-09-17,Monitor,Electronics,Kolkata,2.0,8648,17296.0,9
1271,2025-03-13,Chair,Furniture,Bangalore,4.0,3407,13628.0,3
1272,2025-04-06,Table,Furniture,Pune,1.0,6987,6987.0,4
1273,2025-08-23,Laptop,Electronics,Delhi,5.0,55101,275505.0,8
1274,2025-05-27,Bottle,Accessories,Ahmedabad,3.0,396,1188.0,5
1275,2025-04-01,Chair,Furniture,Hyderabad,5.0,3716,18580.0,4
1276,2025-04-24,Laptop,Electronics,Pune,4.0,55112,220448.0,4
1277,2025-05-03,Printer,Electronics,Kolkata,5.0,9772,48860.0,5
1278,2025-05-31,Bottle,Accessories,Hyderabad,1.0,410,410.0,5
1279,2025-02-18,Monitor,Electronics,Delhi,5.0,8612,43060.0,2
1280,2025-05-18,Notebook,Stationery,Bangalore,5.0,233,1165.0,5
1281,2025-09-19,Pen,Stationery,Delhi,1.0,248,248.0,9
1282,2025-05-18,Keyboard,Electronics,Pune,5.0,1393,6965.0,5
1283,2025-03-11,Chair,Furniture,Kolkata,5.0,3790,18950.0,3
1284,2025-11-05,Monitor,Electronics,Ahmedabad,4.0,8700,34800.0,11
1285,2025-04-05,Printer,Electronics,Ahmedabad,5.0,9734,48670.0,4
1286,2025-05-20,Mouse,Electronics,Chennai,3.0,735,2205.0,5
1287,2025-11-20,Chair,Furniture,Bangalore,4.0,3713,14852.0,11
1288,2025-02-03,Sofa,Furniture,Ahmedabad,3.0,15255,45765.0,2
1289,2025-08-29,Sofa,Furniture,Mumbai,2.0,15213,30426.0,8
1290,2025-05-16,Table,Furniture,Chennai,5.0,7130,35650.0,5
1291,2025-06-28,Keyboard,Electronics,Ahmedabad,3.0,1218,3654.0,6
1292,2025-09-13,Chair,Furniture,Chennai,3.0,3677,11031.0,9
1293,2025-10-04,Printer,Electronics,Hyderabad,4.0,9642,38568.0,10
1294,2025-09-02,Notebook,Stationery,Pune,3.0,194,582.0,9
1295,2025-11-28,Mouse,Electronics,Hyderabad,3.0,436,1308.0,11
1296,2025-05-20,Mouse,Electronics,Ahmedabad,2.0,690,1380.0,5
1297,2025-01-11,Notebook,Stationery,Bangalore,3.0,88,264.0,1
1298,2025-07-08,Pen,Stationery,Chennai,1.0,22,22.0,7
1299,2025-07-26,Chair,Furniture,Hyderabad,1.0,3520,3520.0,7
1300,2025-01-07,Notebook,Stationery,Kolkata,1.0,24,24.0,1
1301,2025-01-10,Chair,Furniture,Ahmedabad,5.0,3453,17265.0,1
1302,2025-04-08,Monitor,Electronics,Pune,1.0,8691,8691.0,4
1303,2025-06-04,Sofa,Furniture,Mumbai,4.0,14948,59792.0,6
1304,2025-04-26,Mouse,Electronics,Pune,5.0,665,3325.0,4
1305,2025-02-03,Bottle,Accessories,Bangalore,3.0,582,1746.0,2
1306,2025-05-27,Notebook,Stationery,Mumbai,2.0,110,220.0,5
1307,2025-12-25,Notebook,Stationery,Kolkata,3.0,255,765.0,12
1308,2025-05-16,Table,Furniture,Bangalore,4.0,7140,28560.0,5
1309,2025-09-19,Chair,Furniture,Hyderabad,5.0,3419,17095.0,9
1310,2025-08-07,Mouse,Electronics,Ahmedabad,5.0,775,3875.0,8
1311,2025-09-13,Monitor,Electronics,Bangalore,3.0,8691,26073.0,9
1312,2025-08-29,Bag,Accessories,Hyderabad,3.0,1209,3627.0,8
1313,2026-01-01,Sofa,Furniture,Kolkata,2.0,15139,30278.0,1
1314,2025-06-24,Mouse,Electronics,Ahmedabad,4.0,738,2952.0,6
1315,2025-06-18,Pen,Stationery,Delhi,1.0,56,56.0,6
1316,2025-08-30,Table,Furniture,Mumbai,1.0,6996,6996.0,8
1317,2025-09-09,Pen,Stationery,Kolkata,3.0,262,786.0,9
1318,2025-02-02,Bottle,Accessories,Bangalore,2.0,428,856.0,2
1319,2025-06-19,Printer,Electronics,Ahmedabad,5.0,9479,47395.0,6
1320,2025-07-26,Mouse,Electronics,Mumbai,1.0,695,695.0,7
1321,2025-12-21,Bottle,Accessories,Bangalore,4.0,353,1412.0,12
1322,2025-09-15,Notebook,Stationery,Mumbai,1.0,361,361.0,9
1323,2025-09-22,Notebook,Stationery,Kolkata,1.0,245,245.0,9
1324,2025-06-06,Table,Furniture,Mumbai,2.0,6965,13930.0,6
1325,2025-10-22,Bag,Accessories,Ahmedabad,1.0,1254,1254.0,10
1326,2025-12-02,Notebook,Stationery,Pune,3.0,255,765.0,12
1327,2025-01-28,Printer,Electronics,Delhi,3.0,9408,28224.0,1
1328,2025-06-11,Keyboard,Electronics,Kolkata,3.0,1226,3678.0,6
1329,2025-08-21,Mouse,Electronics,Ahmedabad,2.0,495,990.0,8
1330,2025-08-13,Pen,Stationery,Mumbai,3.0,-22,-66.0,8
1331,2025-03-15,Chair,Furniture,Pune,2.0,3527,7054.0,3
1332,2025-04-01,Laptop,Electronics,Chennai,3.0,54938,164814.0,4
1333,2025-08-30,Chair,Furniture,Delhi,2.0,3440,6880.0,8
1334,2025-09-18,Laptop,Electronics,Ahmedabad,1.0,55134,55134.0,9
1335,2025-01-03,Mouse,Electronics,Chennai,3.0,701,2103.0,1
1336,2025-10-11,Printer,Electronics,Kolkata,2.0,9534,19068.0,10
1337,2025-06-15,Laptop,Electronics,Delhi,5.0,54955,274775.0,6
1338,2025-11-16,Pen,Stationery,Pune,3.0,-31,-93.0,11
1339,2025-07-17,Pen,Stationery,Ahmedabad,3.0,51,153.0,7
1340,2025-06-09,Bottle,Accessories,Chennai,4.0,493,1972.0,6
1341,2025-05-28,Chair,Furniture,Ahmedabad,5.0,3464,17320.0,5
1342,2025-02-14,Printer,Electronics,Pune,1.0,9430,9430.0,2
1343,2025-11-12,Keyboard,Electronics,Hyderabad,1.0,1468,1468.0,11
1344,2025-04-19,Sofa,Furniture,Bangalore,2.0,14991,29982.0,4
1345,2025-12-31,Notebook,Stationery,Delhi,4.0,268,1072.0,12
1346,2025-05-10,Laptop,Electronics,Kolkata,3.0,55214,165642.0,5
1347,2025-09-28,Sofa,Furniture,Delhi,2.0,15269,30538.0,9
1348,2025-04-21,Table,Furniture,Hyderabad,1.0,7266,7266.0,4
1349,2025-05-13,Keyboard,Electronics,Chennai,4.0,1387,5548.0,5
1350,2025-06-07,Mouse,Electronics,Pune,1.0,740,740.0,6
1351,2025-04-21,Mouse,Electronics,Kolkata,5.0,699,3495.0,4
1352,2025-11-15,Bottle,Accessories,Kolkata,2.0,548,1096.0,11
1353,2025-09-20,Bag,Accessories,Hyderabad,4.0,1444,5776.0,9
1354,2025-10-28,Laptop,Electronics,Kolkata,5.0,55163,275815.0,10
1355,2025-10-27,Keyboard,Electronics,Mumbai,3.0,1409,4227.0,10
1356,2025-05-11,Mouse,Electronics,Delhi,2.0,590,1180.0,5
1357,2025-12-15,Printer,Electronics,Hyderabad,2.0,9506,19012.0,12
1358,2025-02-25,Sofa,Furniture,Ahmedabad,3.0,15248,45744.0,2
1359,2025-10-02,Notebook,Stationery,Hyderabad,2.0,317,634.0,10
1360,2025-01-06,Bottle,Accessories,Chennai,1.0,298,298.0,1
1361,2025-10-16,Table,Furniture,Mumbai,3.0,7014,21042.0,10
1362,2025-03-24,Pen,Stationery,Pune,1.0,292,292.0,3
1363,2025-07-19,Table,Furniture,Hyderabad,5.0,7034,35170.0,7
1364,2025-12-14,Table,Furniture,Ahmedabad,4.0,7206,28824.0,12
1365,2025-01-25,Mouse,Electronics,Bangalore,2.0,614,1228.0,1
1366,2025-04-09,Pen,Stationery,Kolkata,3.0,-12,-36.0,4
1367,2025-03-30,Mouse,Electronics,Hyderabad,1.0,408,408.0,3
1368,2025-02-24,Pen,Stationery,Ahmedabad,2.0,-56,-112.0,2
1369,2025-12-05,Printer,Electronics,Delhi,5.0,9483,47415.0,12
1370,2025-12-05,Laptop,Electronics,Mumbai,5.0,54976,274880.0,12
1371,2025-04-22,Chair,Furniture,Delhi,3.0,3527,10581.0,4
1372,2025-10-09,Monitor,Electronics,Delhi,3.0,8719,26157.0,10
1373,2025-01-22,Printer,Electronics,Bangalore,1.0,9565,9565.0,1
1374,2025-01-17,Sofa,Furniture,Ahmedabad,4.0,15228,60912.0,1
1375,2025-04-22,Notebook,Stationery,Ahmedabad,1.0,318,318.0,4
1376,2025-01-30,Chair,Furniture,Chennai,5.0,3649,18245.0,1
1377,2025-12-24,Table,Furniture,Hyderabad,3.0,7164,21492.0,12
1378,2025-08-11,Bag,Accessories,Pune,5.0,1242,6210.0,8
1379,2025-02-01,Table,Furniture,Bangalore,1.0,7018,7018.0,2
1380,2025-10-01,Table,Furniture,Mumbai,5.0,7088,35440.0,10
1381,2025-02-01,Chair,Furniture,Mumbai,2.0,3634,7268.0,2
1382,2025-01-05,Pen,Stationery,Mumbai,5.0,148,740.0,1
1383,2025-01-19,Table,Furniture,Delhi,1.0,7259,7259.0,1
1384,2025-03-18,Keyboard,Electronics,Mumbai,3.0,1160,3480.0,3
1385,2025-10-21,Keyboard,Electronics,Delhi,2.0,1107,2214.0,10
1386,2025-06-26,Table,Furniture,Hyderabad,2.0,6989,13978.0,6
1387,2025-01-09,Notebook,Stationery,Hyderabad,3.0,214,642.0,1
1388,2025-07-27,Pen,Stationery,Delhi,2.0,295,590.0,7
1389,2025-02-25,Monitor,Electronics,Ahmedabad,3.0,8403,25209.0,2
1390,2025-05-30,Sofa,Furniture,Delhi,5.0,14971,74855.0,5
1391,2025-05-19,Pen,Stationery,Mumbai,2.0,110,220.0,5
1392,2025-05-05,Keyboard,Electronics,Pune,5.0,1293,6465.0,5
1393,2025-03-10,Pen,Stationery,Bangalore,5.0,28,140.0,3
1394,2025-07-06,Sofa,Furniture,Pune,5.0,14924,74620.0,7
1395,2025-09-10,Bag,Accessories,Kolkata,5.0,1139,5695.0,9
1396,2025-09-21,Bottle,Accessories,Pune,3.0,598,1794.0,9
1397,2025-04-05,Monitor,Electronics,Ahmedabad,5.0,8578,42890.0,4
1398,2025-08-13,Bottle,Accessories,Delhi,3.0,539,1617.0,8
1399,2025-05-21,Chair,Furniture,Delhi,5.0,3424,17120.0,5
1400,2025-12-25,Sofa,Furniture,Mumbai,1.0,15270,15270.0,12
1401,2025-07-10,Monitor,Electronics,Pune,1.0,8716,8716.0,7
1402,2025-03-05,Bottle,Accessories,Mumbai,1.0,560,560.0,3
1403,2025-11-16,Bag,Accessories,Hyderabad,1.0,1143,1143.0,11
1404,2025-01-08,Sofa,Furniture,Ahmedabad,2.0,14938,29876.0,1
1405,2025-12-05,Chair,Furniture,Hyderabad,2.0,3685,7370.0,12
1406,2025-06-01,Notebook,Stationery,Kolkata,4.0,-4,-16.0,6
1407,2025-04-23,Table,Furniture,Hyderabad,3.0,7075,21225.0,4
1408,2025-06-01,Table,Furniture,Ahmedabad,3.0,6973,20919.0,6
1409,2025-05-12,Sofa,Furniture,Chennai,2.0,15235,30470.0,5
1410,2025-12-04,Laptop,Electronics,Hyderabad,2.0,55212,110424.0,12
1411,2025-12-31,Bag,Accessories,Ahmedabad,3.0,1483,4449.0,12
1412,2025-10-02,Laptop,Electronics,Pune,2.0,55279,110558.0,10
1413,2025-04-11,Keyboard,Electronics,Hyderabad,4.0,1269,5076.0,4
1414,2025-08-12,Bag,Accessories,Ahmedabad,1.0,1318,1318.0,8
1415,2025-04-23,Sofa,Furniture,Delhi,4.0,14983,59932.0,4
1416,2025-09-20,Laptop,Electronics,Kolkata,3.0,55294,165882.0,9
1417,2025-05-23,Monitor,Electronics,Mumbai,1.0,8728,8728.0,5
1418,2025-10-21,Printer,Electronics,Kolkata,3.0,9555,28665.0,10
1419,2025-04-14,Table,Furniture,Bangalore,2.0,7258,14516.0,4
1420,2025-12-19,Keyboard,Electronics,Bangalore,3.0,1128,3384.0,12
1421,2025-05-09,Bottle,Accessories,Mumbai,5.0,520,2600.0,5
1422,2025-01-31,Laptop,Electronics,Pune,1.0,54907,54907.0,1
1423,2025-03-17,Pen,Stationery,Mumbai,2.0,-59,-118.0,3
1424,2025-04-27,Notebook,Stationery,Mumbai,2.0,172,344.0,4
1425,2025-12-14,Mouse,Electronics,Hyderabad,5.0,791,3955.0,12
1426,2025-03-18,Printer,Electronics,Hyderabad,5.0,9613,48065.0,3
1427,2025-01-23,Notebook,Stationery,Chennai,1.0,-3,-3.0,1
1428,2025-01-01,Printer,Electronics,Kolkata,4.0,9723,38892.0,1
1429,2025-10-12,Pen,Stationery,Ahmedabad,3.0,188,564.0,10
1430,2025-03-05,Mouse,Electronics,Ahmedabad,5.0,791,3955.0,3
1431,2025-02-06,Bottle,Accessories,Chennai,4.0,371,1484.0,2
1432,2025-05-11,Notebook,Stationery,Hyderabad,1.0,298,298.0,5
1433,2025-12-05,Bag,Accessories,Kolkata,4.0,1356,5424.0,12
1434,2025-04-10,Keyboard,Electronics,Bangalore,3.0,1113,3339.0,4
1435,2025-09-15,Table,Furniture,Chennai,2.0,6999,13998.0,9
1436,2025-03-16,Printer,Electronics,Ahmedabad,5.0,9685,48425.0,3
1437,2025-10-08,Monitor,Electronics,Kolkata,3.0,8783,26349.0,10
1438,2025-02-13,Bottle,Accessories,Kolkata,2.0,459,918.0,2
1439,2025-12-27,Laptop,Electronics,Ahmedabad,2.0,55027,110054.0,12
1440,2025-03-23,Pen,Stationery,Hyderabad,1.0,291,291.0,3
1441,2025-12-02,Notebook,Stationery,Ahmedabad,4.0,62,248.0,12
1442,2025-12-04,Laptop,Electronics,Ahmedabad,5.0,55152,275760.0,12
1443,2025-11-05,Keyboard,Electronics,Chennai,3.0,1183,3549.0,11
1444,2025-07-05,Sofa,Furniture,Pune,2.0,15257,30514.0,7
1445,2025-10-11,Monitor,Electronics,Hyderabad,2.0,8581,17162.0,10
1446,2025-12-26,Table,Furniture,Bangalore,3.0,7151,21453.0,12
1447,2025-07-09,Bottle,Accessories,Ahmedabad,1.0,550,550.0,7
1448,2025-01-13,Table,Furniture,Delhi,5.0,7290,36450.0,1
1449,2025-04-04,Keyboard,Electronics,Pune,3.0,1290,3870.0,4
1450,2025-06-05,Bottle,Accessories,Bangalore,4.0,341,1364.0,6
1451,2025-09-18,Bottle,Accessories,Mumbai,5.0,597,2985.0,9
1452,2025-02-10,Bottle,Accessories,Mumbai,1.0,279,279.0,2
1453,2025-05-01,Notebook,Stationery,Hyderabad,1.0,205,205.0,5
1454,2025-10-02,Chair,Furniture,Kolkata,5.0,3761,18805.0,10
1455,2025-09-23,Keyboard,Electronics,Kolkata,4.0,1221,4884.0,9
1456,2025-02-15,Sofa,Furniture,Kolkata,1.0,15290,15290.0,2
1457,2025-10-15,Keyboard,Electronics,Mumbai,5.0,1500,7500.0,10
1458,2025-02-22,Table,Furniture,Kolkata,3.0,6994,20982.0,2
1459,2025-08-24,Keyboard,Electronics,Delhi,4.0,1145,4580.0,8
1460,2025-11-05,Pen,Stationery,Ahmedabad,2.0,303,606.0,11
1461,2025-03-01,Notebook,Stationery,Hyderabad,5.0,369,1845.0,3
1462,2025-04-28,Mouse,Electronics,Kolkata,3.0,404,1212.0,4
1463,2025-06-05,Keyboard,Electronics,Ahmedabad,1.0,1159,1159.0,6
1464,2025-05-11,Bottle,Accessories,Ahmedabad,5.0,410,2050.0,5
1465,2025-09-23,Pen,Stationery,Bangalore,3.0,229,687.0,9
1466,2025-12-08,Pen,Stationery,Hyderabad,2.0,220,440.0,12
1467,2025-03-17,Printer,Electronics,Pune,2.0,9472,18944.0,3
1468,2025-11-03,Monitor,Electronics,Kolkata,3.0,8640,25920.0,11
1469,2025-04-26,Monitor,Electronics,Kolkata,3.0,8780,26340.0,4
1470,2025-10-14,Notebook,Stationery,Bangalore,3.0,326,978.0,10
1471,2025-05-23,Bag,Accessories,Hyderabad,4.0,1499,5996.0,5
1472,2025-11-04,Monitor,Electronics,Pune,1.0,8609,8609.0,11
1473,2025-03-08,Printer,Electronics,Chennai,2.0,9547,19094.0,3
1474,2025-10-23,Monitor,Electronics,Chennai,4.0,8445,33780.0,10
1475,2025-03-13,Chair,Furniture,Mumbai,3.0,3454,10362.0,3
1476,2025-11-21,Notebook,Stationery,Mumbai,4.0,253,1012.0,11
1477,2025-05-16,Mouse,Electronics,Ahmedabad,1.0,769,769.0,5
1478,2025-07-08,Printer,Electronics,Hyderabad,5.0,9689,48445.0,7
1479,2025-08-25,Pen,Stationery,Mumbai,4.0,182,728.0,8
1480,2025-02-27,Bottle,Accessories,Chennai,1.0,488,488.0,2
1481,2025-03-11,Mouse,Electronics,Delhi,5.0,527,2635.0,3
1482,2025-07-28,Bag,Accessories,Mumbai,3.0,1358,4074.0,7
1483,2025-09-12,Printer,Electronics,Delhi,4.0,9535,38140.0,9
1484,2025-10-08,Laptop,Electronics,Pune,2.0,54967,109934.0,10
1485,2025-01-16,Mouse,Electronics,Ahmedabad,3.0,471,1413.0,1
1486,2025-01-28,Chair,Furniture,Ahmedabad,3.0,3424,10272.0,1
1487,2025-03-02,Keyboard,Electronics,Mumbai,1.0,1436,1436.0,3
1488,2025-11-17,Monitor,Electronics,Ahmedabad,1.0,8506,8506.0,11
1489,2025-11-02,Chair,Furniture,Kolkata,5.0,3666,18330.0,11
1490,2025-03-03,Printer,Electronics,Delhi,2.0,9576,19152.0,3
1491,2025-06-05,Notebook,Stationery,Pune,5.0,4,20.0,6
1492,2025-05-10,Keyboard,Electronics,Chennai,5.0,1267,6335.0,5
1493,2025-08-15,Printer,Electronics,Pune,5.0,9751,48755.0,8
1494,2025-10-02,Chair,Furniture,Delhi,5.0,3652,18260.0,10
1495,2025-06-04,Bottle,Accessories,Ahmedabad,2.0,487,974.0,6
1496,2025-12-23,Laptop,Electronics,Bangalore,1.0,55194,55194.0,12
1497,2025-09-13,Laptop,Electronics,Bangalore,2.0,55059,110118.0,9
1498,2025-01-04,Printer,Electronics,Hyderabad,3.0,9595,28785.0,1
1499,2025-03-19,Laptop,Electronics,Hyderabad,2.0,54996,109992.0,3
1500,2025-06-11,Mouse,Electronics,Hyderabad,3.0,409,1227.0,6
1501,2025-05-17,Chair,Furniture,Delhi,3.0,3661,10983.0,5
1502,2025-03-31,Notebook,Stationery,Hyderabad,5.0,125,625.0,3
1503,2025-03-28,Table,Furniture,Mumbai,1.0,7165,7165.0,3
1504,2025-03-01,Keyboard,Electronics,Kolkata,2.0,1476,2952.0,3
1505,2025-05-24,Sofa,Furniture,Hyderabad,1.0,15204,15204.0,5
1506,2025-04-21,Sofa,Furniture,Delhi,5.0,15173,75865.0,4
1507,2025-12-02,Bottle,Accessories,Kolkata,3.0,584,1752.0,12
1508,2025-10-27,Printer,Electronics,Pune,1.0,9540,9540.0,10
1509,2025-01-19,Notebook,Stationery,Kolkata,5.0,299,1495.0,1
1510,2025-10-01,Pen,Stationery,Hyderabad,1.0,30,30.0,10
1511,2025-08-26,Chair,Furniture,Pune,1.0,3685,3685.0,8
1512,2025-12-18,Bag,Accessories,Ahmedabad,4.0,1284,5136.0,12
1513,2025-11-05,Bottle,Accessories,Pune,4.0,281,1124.0,11
1514,2025-03-08,Pen,Stationery,Bangalore,4.0,154,616.0,3
1515,2025-11-10,Table,Furniture,Hyderabad,5.0,7200,36000.0,11
1516,2025-11-10,Table,Furniture,Chennai,5.0,7052,35260.0,11
1517,2025-08-07,Bag,Accessories,Delhi,1.0,1109,1109.0,8
1518,2025-03-17,Keyboard,Electronics,Ahmedabad,2.0,1227,2454.0,3
1519,2025-06-21,Sofa,Furniture,Chennai,1.0,15106,15106.0,6
1520,2025-07-13,Table,Furniture,Ahmedabad,3.0,6989,20967.0,7
1521,2025-12-16,Monitor,Electronics,Pune,3.0,8757,26271.0,12
1522,2025-03-26,Pen,Stationery,Pune,2.0,6,12.0,3
1523,2025-11-26,Bag,Accessories,Delhi,3.0,1476,4428.0,11
1524,2025-12-19,Keyboard,Electronics,Bangalore,1.0,1372,1372.0,12
1525,2025-08-10,Table,Furniture,Mumbai,2.0,7146,14292.0,8
1526,2025-04-20,Sofa,Furniture,Ahmedabad,4.0,14963,59852.0,4
1527,2025-01-23,Bag,Accessories,Kolkata,2.0,1392,2784.0,1
1528,2025-08-13,Printer,Electronics,Bangalore,1.0,9465,9465.0,8
1529,2025-08-16,Bag,Accessories,Bangalore,1.0,1397,1397.0,8
1530,2025-10-28,Notebook,Stationery,Pune,1.0,65,65.0,10
1531,2025-08-13,Pen,Stationery,Delhi,1.0,-69,-69.0,8
1532,2025-09-07,Mouse,Electronics,Bangalore,3.0,769,2307.0,9
1533,2025-12-03,Printer,Electronics,Mumbai,4.0,9724,38896.0,12
1534,2025-02-26,Keyboard,Electronics,Bangalore,2.0,1443,2886.0,2
1535,2025-02-01,Bag,Accessories,Pune,3.0,1198,3594.0,2
1536,2025-11-25,Notebook,Stationery,Ahmedabad,2.0,234,468.0,11
1537,2025-06-13,Chair,Furniture,Ahmedabad,1.0,3630,3630.0,6
1538,2025-03-18,Sofa,Furniture,Delhi,4.0,14922,59688.0,3
1539,2025-01-10,Bag,Accessories,Chennai,4.0,1273,5092.0,1
1540,2025-10-03,Table,Furniture,Pune,4.0,7030,28120.0,10
1541,2025-12-14,Sofa,Furniture,Bangalore,5.0,15015,75075.0,12
1542,2025-07-30,Laptop,Electronics,Hyderabad,3.0,55242,165726.0,7
1543,2025-09-03,Mouse,Electronics,Mumbai,5.0,520,2600.0,9
1544,2025-12-18,Notebook,Stationery,Delhi,4.0,233,932.0,12
1545,2025-08-01,Monitor,Electronics,Kolkata,3.0,8657,25971.0,8
1546,2025-05-04,Pen,Stationery,Chennai,5.0,288,1440.0,5
1547,2025-07-02,Laptop,Electronics,Bangalore,5.0,54915,274575.0,7
1548,2025-11-24,Pen,Stationery,Hyderabad,1.0,-60,-60.0,11
1549,2025-02-27,Bottle,Accessories,Ahmedabad,3.0,346,1038.0,2
1550,2025-05-20,Notebook,Stationery,Ahmedabad,5.0,366,1830.0,5
1551,2025-01-28,Keyboard,Electronics,Delhi,1.0,1228,1228.0,1
1552,2025-06-18,Table,Furniture,Delhi,2.0,7132,14264.0,6
1553,2025-02-22,Sofa,Furniture,Mumbai,4.0,15286,61144.0,2
1554,2025-12-24,Bag,Accessories,Ahmedabad,3.0,1312,3936.0,12
1555,2025-02-01,Table,Furniture,Ahmedabad,5.0,7019,35095.0,2
1556,2025-05-27,Notebook,Stationery,Delhi,5.0,216,1080.0,5
1557,2025-10-18,Printer,Electronics,Chennai,4.0,9544,38176.0,10
1558,2025-10-17,Printer,Electronics,Delhi,3.0,9680,29040.0,10
1559,2025-07-09,Sofa,Furniture,Delhi,2.0,15108,30216.0,7
1560,2025-11-05,Mouse,Electronics,Bangalore,2.0,432,864.0,11
1561,2025-06-06,Monitor,Electronics,Ahmedabad,4.0,8744,34976.0,6
1562,2025-08-06,Printer,Electronics,Kolkata,2.0,9632,19264.0,8
1563,2025-12-29,Chair,Furniture,Hyderabad,3.0,3765,11295.0,12
1564,2025-06-10,Printer,Electronics,Chennai,1.0,9451,9451.0,6
1565,2025-11-21,Notebook,Stationery,Chennai,1.0,354,354.0,11
1566,2025-06-25,Printer,Electronics,Chennai,3.0,9626,28878.0,6
1567,2025-01-04,Table,Furniture,Chennai,2.0,7113,14226.0,1
1568,2025-09-02,Bottle,Accessories,Delhi,1.0,279,279.0,9
1569,2025-09-29,Bag,Accessories,Delhi,4.0,1482,5928.0,9
1570,2025-12-12,Printer,Electronics,Bangalore,4.0,9454,37816.0,12
1571,2025-10-26,Sofa,Furniture,Delhi,1.0,14906,14906.0,10
1572,2025-03-05,Chair,Furniture,Ahmedabad,3.0,3666,10998.0,3
1573,2025-08-20,Pen,Stationery,Bangalore,3.0,46,138.0,8
1574,2025-11-20,Table,Furniture,Hyderabad,1.0,6903,6903.0,11
1575,2025-07-30,Pen,Stationery,Kolkata,1.0,205,205.0,7
1576,2025-09-28,Bag,Accessories,Bangalore,2.0,1448,2896.0,9
1577,2025-07-13,Keyboard,Electronics,Kolkata,4.0,1237,4948.0,7
1578,2025-03-22,Bottle,Accessories,Bangalore,5.0,592,2960.0,3
1579,2025-03-05,Notebook,Stationery,Chennai,4.0,-17,-68.0,3
1580,2025-12-26,Notebook,Stationery,Delhi,3.0,257,771.0,12
1581,2025-02-19,Printer,Electronics,Delhi,5.0,9696,48480.0,2
1582,2025-03-02,Laptop,Electronics,Bangalore,1.0,55178,55178.0,3
1583,2025-04-22,Printer,Electronics,Ahmedabad,2.0,9642,19284.0,4
1584,2025-06-10,Mouse,Electronics,Ahmedabad,5.0,767,3835.0,6
1585,2025-06-07,Printer,Electronics,Pune,2.0,9640,19280.0,6
1586,2025-05-27,Printer,Electronics,Mumbai,5.0,9539,47695.0,5
1587,2025-05-01,Laptop,Electronics,Mumbai,4.0,55221,220884.0,5
1588,2025-10-05,Table,Furniture,Ahmedabad,3.0,7064,21192.0,10
1589,2025-06-09,Bag,Accessories,Mumbai,1.0,1107,1107.0,6
1590,2025-02-06,Printer,Electronics,Delhi,3.0,9704,29112.0,2
1591,2025-09-10,Table,Furniture,Ahmedabad,5.0,6927,34635.0,9
1592,2025-02-23,Bottle,Accessories,Delhi,3.0,467,1401.0,2
1593,2025-02-02,Monitor,Electronics,Delhi,5.0,8507,42535.0,2
1594,2025-04-07,Monitor,Electronics,Bangalore,5.0,8588,42940.0,4
1595,2025-08-13,Table,Furniture,Delhi,4.0,7213,28852.0,8
1596,2025-10-08,Table,Furniture,Pune,1.0,7073,7073.0,10
1597,2025-04-22,Bottle,Accessories,Chennai,2.0,270,540.0,4
1598,2025-11-18,Printer,Electronics,Hyderabad,3.0,9784,29352.0,11
1599,2025-01-21,Notebook,Stationery,Delhi,4.0,2,8.0,1
1600,2025-07-14,Table,Furniture,Mumbai,4.0,7294,29176.0,7
1601,2025-09-21,Keyboard,Electronics,Pune,2.0,1159,2318.0,9
1602,2025-04-12,Bag,Accessories,Hyderabad,5.0,1378,6890.0,4
1603,2025-10-28,Pen,Stationery,Delhi,2.0,-41,-82.0,10
1604,2025-05-29,Printer,Electronics,Ahmedabad,3.0,9681,29043.0,5
1605,2025-11-30,Keyboard,Electronics,Delhi,3.0,1355,4065.0,11
1606,2025-10-18,Mouse,Electronics,Ahmedabad,1.0,406,406.0,10
1607,2025-04-04,Pen,Stationery,Chennai,2.0,164,328.0,4
1608,2025-12-29,Laptop,Electronics,Pune,3.0,55124,165372.0,12
1609,2025-08-19,Notebook,Stationery,Pune,1.0,366,366.0,8
1610,2025-08-28,Monitor,Electronics,Kolkata,2.0,8583,17166.0,8
1611,2025-07-23,Chair,Furniture,Bangalore,2.0,3749,7498.0,7
1612,2025-05-07,Sofa,Furniture,Pune,5.0,15107,75535.0,5
1613,2025-03-15,Mouse,Electronics,Delhi,2.0,482,964.0,3
1614,2025-11-06,Printer,Electronics,Pune,4.0,9583,38332.0,11
1615,2025-01-12,Notebook,Stationery,Bangalore,5.0,54,270.0,1
1616,2025-02-09,Monitor,Electronics,Pune,4.0,8665,34660.0,2
1617,2025-07-11,Bag,Accessories,Delhi,1.0,1332,1332.0,7
1618,2025-08-15,Chair,Furniture,Ahmedabad,2.0,3454,6908.0,8
1619,2025-06-10,Chair,Furniture,Kolkata,3.0,3720,11160.0,6
1620,2025-08-17,Monitor,Electronics,Mumbai,1.0,8461,8461.0,8
1621,2025-07-19,Pen,Stationery,Kolkata,5.0,254,1270.0,7
1622,2025-07-14,Laptop,Electronics,Hyderabad,1.0,55182,55182.0,7
1623,2025-01-15,Table,Furniture,Bangalore,3.0,6985,20955.0,1
1624,2025-11-30,Notebook,Stationery,Mumbai,2.0,169,338.0,11
1625,2025-01-31,Printer,Electronics,Bangalore,1.0,9461,9461.0,1
1626,2025-04-23,Printer,Electronics,Ahmedabad,5.0,9788,48940.0,4
1627,2025-01-19,Bottle,Accessories,Hyderabad,5.0,547,2735.0,1
1628,2025-07-17,Printer,Electronics,Pune,3.0,9434,28302.0,7
1629,2025-09-12,Sofa,Furniture,Kolkata,3.0,15220,45660.0,9
1630,2025-07-23,Table,Furniture,Bangalore,3.0,7163,21489.0,7
1631,2025-12-14,Notebook,Stationery,Pune,3.0,27,81.0,12
1632,2025-05-27,Sofa,Furniture,Chennai,1.0,15254,15254.0,5
1633,2025-08-23,Bag,Accessories,Chennai,4.0,1242,4968.0,8
1634,2025-04-14,Keyboard,Electronics,Pune,2.0,1186,2372.0,4
1635,2025-03-16,Chair,Furniture,Ahmedabad,2.0,3572,7144.0,3
1636,2025-06-01,Laptop,Electronics,Hyderabad,4.0,55142,220568.0,6
1637,2025-07-31,Mouse,Electronics,Delhi,4.0,617,2468.0,7
1638,2025-05-03,Keyboard,Electronics,Mumbai,5.0,1210,6050.0,5
1639,2025-06-05,Monitor,Electronics,Bangalore,3.0,8697,26091.0,6
1640,2025-06-03,Sofa,Furniture,Mumbai,5.0,15182,75910.0,6
1641,2025-01-26,Table,Furniture,Delhi,1.0,7141,7141.0,1
1642,2025-04-11,Monitor,Electronics,Kolkata,1.0,8699,8699.0,4
1643,2025-06-20,Table,Furniture,Kolkata,4.0,7273,29092.0,6
1644,2025-02-05,Laptop,Electronics,Mumbai,4.0,55147,220588.0,2
1645,2025-09-10,Laptop,Electronics,Ahmedabad,3.0,54912,164736.0,9
1646,2025-02-25,Bag,Accessories,Ahmedabad,5.0,1240,6200.0,2
1647,2025-06-24,Table,Furniture,Kolkata,3.0,6909,20727.0,6
1648,2025-04-25,Chair,Furniture,Hyderabad,5.0,3722,18610.0,4
1649,2025-02-03,Laptop,Electronics,Kolkata,1.0,54946,54946.0,2
1650,2025-02-19,Laptop,Electronics,Ahmedabad,4.0,55100,220400.0,2
1651,2025-06-03,Table,Furniture,Bangalore,2.0,6903,13806.0,6
1652,2025-09-18,Monitor,Electronics,Ahmedabad,3.0,8650,25950.0,9
1653,2025-10-17,Chair,Furniture,Chennai,4.0,3648,14592.0,10
1654,2025-05-22,Chair,Furniture,Chennai,1.0,3512,3512.0,5
1655,2025-09-22,Keyboard,Electronics,Pune,3.0,1197,3591.0,9
1656,2025-07-05,Keyboard,Electronics,Chennai,2.0,1115,2230.0,7
1657,2025-04-28,Monitor,Electronics,Ahmedabad,4.0,8682,34728.0,4
1658,2025-09-02,Laptop,Electronics,Kolkata,2.0,55258,110516.0,9
1659,2025-05-08,Laptop,Electronics,Hyderabad,3.0,54982,164946.0,5
1660,2025-06-02,Keyboard,Electronics,Chennai,3.0,1284,3852.0,6
1661,2025-07-02,Monitor,Electronics,Ahmedabad,3.0,8573,25719.0,7
1662,2025-07-21,Table,Furniture,Hyderabad,1.0,7257,7257.0,7
1663,2025-01-08,Table,Furniture,Hyderabad,1.0,7213,7213.0,1
1664,2025-05-12,Notebook,Stationery,Bangalore,1.0,279,279.0,5
1665,2025-01-15,Mouse,Electronics,Delhi,5.0,704,3520.0,1
1666,2025-02-24,Table,Furniture,Chennai,5.0,7243,36215.0,2
1667,2025-10-29,Monitor,Electronics,Pune,3.0,8570,25710.0,10
1668,2025-05-12,Laptop,Electronics,Delhi,3.0,55274,165822.0,5
1669,2025-09-12,Printer,Electronics,Hyderabad,1.0,9758,9758.0,9
1670,2025-02-06,Mouse,Electronics,Mumbai,2.0,423,846.0,2
1671,2025-03-22,Chair,Furniture,Kolkata,5.0,3575,17875.0,3
1672,2025-12-14,Mouse,Electronics,Delhi,3.0,784,2352.0,12
1673,2025-06-06,Mouse,Electronics,Ahmedabad,3.0,580,1740.0,6
1674,2025-10-28,Sofa,Furniture,Delhi,5.0,15295,76475.0,10
1675,2025-01-10,Keyboard,Electronics,Ahmedabad,3.0,1252,3756.0,1
1676,2025-06-13,Sofa,Furniture,Delhi,4.0,15287,61148.0,6
1677,2025-12-06,Notebook,Stationery,Chennai,1.0,162,162.0,12
1678,2025-03-14,Notebook,Stationery,Ahmedabad,4.0,46,184.0,3
1679,2025-07-28,Bag,Accessories,Delhi,1.0,1161,1161.0,7
1680,2025-10-21,Bottle,Accessories,Kolkata,5.0,412,2060.0,10
1681,2025-02-26,Printer,Electronics,Pune,5.0,9678,48390.0,2
1682,2025-09-16,Pen,Stationery,Kolkata,5.0,275,1375.0,9
1683,2025-01-10,Keyboard,Electronics,Hyderabad,3.0,1492,4476.0,1
1684,2025-12-09,Sofa,Furniture,Hyderabad,5.0,15189,75945.0,12
1685,2025-06-05,Pen,Stationery,Mumbai,2.0,242,484.0,6
1686,2025-11-06,Laptop,Electronics,Kolkata,3.0,55110,165330.0,11
1687,2025-09-30,Laptop,Electronics,Pune,3.0,55163,165489.0,9
1688,2025-11-29,Keyboard,Electronics,Mumbai,5.0,1248,6240.0,11
1689,2025-06-24,Keyboard,Electronics,Kolkata,4.0,1380,5520.0,6
1690,2025-09-24,Printer,Electronics,Delhi,1.0,9504,9504.0,9
1691,2025-04-30,Pen,Stationery,Pune,2.0,282,564.0,4
1692,2025-02-10,Notebook,Stationery,Ahmedabad,1.0,78,78.0,2
1693,2025-09-11,Table,Furniture,Bangalore,1.0,7111,7111.0,9
1694,2025-09-17,Bag,Accessories,Chennai,3.0,1481,4443.0,9
1695,2025-11-06,Notebook,Stationery,Pune,5.0,324,1620.0,11
1696,2025-09-30,Mouse,Electronics,Pune,2.0,671,1342.0,9
1697,2025-04-20,Bottle,Accessories,Mumbai,5.0,220,1100.0,4
1698,2025-08-10,Mouse,Electronics,Ahmedabad,1.0,791,791.0,8
1699,2025-12-22,Mouse,Electronics,Kolkata,3.0,781,2343.0,12
1700,2025-12-26,Table,Furniture,Chennai,5.0,6948,34740.0,12
1701,2025-03-02,Mouse,Electronics,Mumbai,2.0,585,1170.0,3
1702,2025-10-13,Mouse,Electronics,Mumbai,2.0,457,914.0,10
1703,2025-03-03,Bag,Accessories,Kolkata,2.0,1426,2852.0,3
1704,2025-10-08,Pen,Stationery,Delhi,5.0,151,755.0,10
1705,2025-11-30,Sofa,Furniture,Mumbai,3.0,14939,44817.0,11
1706,2025-05-16,Pen,Stationery,Hyderabad,5.0,95,475.0,5
1707,2025-08-28,Bottle,Accessories,Ahmedabad,1.0,201,201.0,8
1708,2025-08-27,Monitor,Electronics,Pune,3.0,8468,25404.0,8
1709,2025-10-08,Laptop,Electronics,Delhi,1.0,55234,55234.0,10
1710,2025-07-24,Table,Furniture,Bangalore,2.0,6991,13982.0,7
1711,2025-01-11,Laptop,Electronics,Ahmedabad,5.0,54956,274780.0,1
1712,2025-07-17,Keyboard,Electronics,Mumbai,1.0,1219,1219.0,7
1713,2025-09-14,Table,Furniture,Ahmedabad,2.0,6988,13976.0,9
1714,2025-11-08,Bag,Accessories,Ahmedabad,5.0,1500,7500.0,11
1715,2025-06-06,Bag,Accessories,Kolkata,2.0,1371,2742.0,6
1716,2025-04-11,Pen,Stationery,Pune,4.0,49,196.0,4
1717,2025-06-02,Keyboard,Electronics,Kolkata,3.0,1284,3852.0,6
1718,2025-07-07,Keyboard,Electronics,Bangalore,5.0,1339,6695.0,7
1719,2025-09-23,Table,Furniture,Ahmedabad,2.0,7246,14492.0,9
1720,2025-05-01,Sofa,Furniture,Chennai,3.0,15047,45141.0,5
1721,2025-06-05,Bag,Accessories,Hyderabad,2.0,1413,2826.0,6
1722,2025-09-19,Laptop,Electronics,Chennai,5.0,55112,275560.0,9
1723,2025-08-24,Notebook,Stationery,Chennai,1.0,319,319.0,8
1724,2025-08-18,Keyboard,Electronics,Mumbai,5.0,1125,5625.0,8
1725,2025-05-22,Monitor,Electronics,Bangalore,2.0,8703,17406.0,5
1726,2025-05-22,Sofa,Furniture,Chennai,3.0,15048,45144.0,5
1727,2025-10-17,Bag,Accessories,Kolkata,2.0,1428,2856.0,10
1728,2025-04-09,Sofa,Furniture,Pune,5.0,15053,75265.0,4
1729,2025-01-10,Keyboard,Electronics,Ahmedabad,3.0,1237,3711.0,1
1730,2025-03-22,Mouse,Electronics,Mumbai,4.0,504,2016.0,3
1731,2025-11-11,Bag,Accessories,Delhi,2.0,1221,2442.0,11
1732,2025-08-31,Printer,Electronics,Mumbai,5.0,9781,48905.0,8
1733,2025-03-09,Table,Furniture,Delhi,3.0,7273,21819.0,3
1734,2025-07-18,Keyboard,Electronics,Pune,1.0,1241,1241.0,7
1735,2025-05-12,Mouse,Electronics,Chennai,2.0,485,970.0,5
1736,2025-07-01,Bottle,Accessories,Mumbai,3.0,472,1416.0,7
1737,2025-02-12,Monitor,Electronics,Ahmedabad,1.0,8639,8639.0,2
1738,2025-07-15,Sofa,Furniture,Delhi,2.0,15170,30340.0,7
1739,2025-10-01,Mouse,Electronics,Ahmedabad,4.0,760,3040.0,10
1740,2025-10-07,Bag,Accessories,Delhi,4.0,1208,4832.0,10
1741,2025-04-25,Bottle,Accessories,Kolkata,3.0,460,1380.0,4
1742,2025-02-20,Bag,Accessories,Mumbai,5.0,1327,6635.0,2
1743,2025-07-24,Sofa,Furniture,Delhi,5.0,15068,75340.0,7
1744,2025-07-03,Bottle,Accessories,Chennai,5.0,536,2680.0,7
1745,2025-03-17,Printer,Electronics,Delhi,5.0,9701,48505.0,3
1746,2025-09-28,Notebook,Stationery,Bangalore,4.0,132,528.0,9
1747,2025-10-18,Pen,Stationery,Delhi,4.0,265,1060.0,10
1748,2025-11-23,Sofa,Furniture,Chennai,2.0,15066,30132.0,11
1749,2025-07-06,Mouse,Electronics,Pune,5.0,431,2155.0,7
1750,2025-03-17,Keyboard,Electronics,Pune,5.0,1331,6655.0,3
1751,2025-09-12,Notebook,Stationery,Pune,1.0,24,24.0,9
1752,2025-12-22,Laptop,Electronics,Bangalore,5.0,55137,275685.0,12
1753,2025-08-26,Notebook,Stationery,Ahmedabad,1.0,300,300.0,8
1754,2025-01-13,Sofa,Furniture,Ahmedabad,4.0,15200,60800.0,1
1755,2025-01-15,Bag,Accessories,Kolkata,3.0,1382,4146.0,1
1756,2025-05-21,Bag,Accessories,Ahmedabad,3.0,1397,4191.0,5
1757,2025-05-27,Notebook,Stationery,Pune,3.0,232,696.0,5
1758,2025-11-15,Table,Furniture,Ahmedabad,1.0,6994,6994.0,11
1759,2025-01-27,Notebook,Stationery,Bangalore,2.0,125,250.0,1
1760,2025-06-12,Chair,Furniture,Ahmedabad,5.0,3747,18735.0,6
1761,2025-02-28,Sofa,Furniture,Mumbai,4.0,15239,60956.0,2
1762,2025-03-06,Keyboard,Electronics,Hyderabad,2.0,1259,2518.0,3
1763,2025-06-18,Chair,Furniture,Hyderabad,1.0,3766,3766.0,6
1764,2025-07-09,Bag,Accessories,Kolkata,2.0,1374,2748.0,7
1765,2025-12-21,Bottle,Accessories,Mumbai,1.0,381,381.0,12
1766,2025-11-10,Keyboard,Electronics,Pune,5.0,1156,5780.0,11
1767,2025-10-01,Table,Furniture,Kolkata,2.0,6931,13862.0,10
1768,2025-11-03,Pen,Stationery,Kolkata,5.0,121,605.0,11
1769,2025-04-11,Pen,Stationery,Hyderabad,4.0,115,460.0,4
1770,2025-04-04,Sofa,Furniture,Kolkata,4.0,15254,61016.0,4
1771,2025-09-01,Bag,Accessories,Pune,1.0,1226,1226.0,9
1772,2025-09-18,Bag,Accessories,Kolkata,5.0,1271,6355.0,9
1773,2025-10-29,Keyboard,Electronics,Kolkata,3.0,1386,4158.0,10
1774,2025-05-19,Notebook,Stationery,Chennai,5.0,326,1630.0,5
1775,2025-01-05,Sofa,Furniture,Kolkata,1.0,15154,15154.0,1
1776,2025-01-29,Bottle,Accessories,Pune,4.0,364,1456.0,1
1777,2025-06-29,Table,Furniture,Delhi,1.0,7101,7101.0,6
1778,2025-09-07,Notebook,Stationery,Pune,1.0,364,364.0,9
1779,2025-05-12,Pen,Stationery,Chennai,5.0,86,430.0,5
1780,2025-03-21,Pen,Stationery,Hyderabad,5.0,113,565.0,3
1781,2025-03-04,Table,Furniture,Bangalore,4.0,7152,28608.0,3
1782,2025-03-18,Notebook,Stationery,Bangalore,3.0,296,888.0,3
1783,2025-07-04,Mouse,Electronics,Mumbai,3.0,777,2331.0,7
1784,2025-03-29,Monitor,Electronics,Chennai,5.0,8567,42835.0,3
1785,2025-03-24,Monitor,Electronics,Ahmedabad,4.0,8408,33632.0,3
1786,2025-03-26,Bag,Accessories,Kolkata,3.0,1256,3768.0,3
1787,2025-09-27,Monitor,Electronics,Mumbai,5.0,8423,42115.0,9
1788,2025-04-07,Bag,Accessories,Kolkata,1.0,1350,1350.0,4
1789,2025-10-22,Notebook,Stationery,Pune,1.0,268,268.0,10
1790,2025-05-12,Bag,Accessories,Hyderabad,5.0,1385,6925.0,5
1791,2025-03-24,Printer,Electronics,Bangalore,1.0,9493,9493.0,3
1792,2025-07-29,Keyboard,Electronics,Hyderabad,4.0,1495,5980.0,7
1793,2025-12-28,Keyboard,Electronics,Ahmedabad,1.0,1487,1487.0,12
1794,2025-07-11,Pen,Stationery,Pune,5.0,-53,-265.0,7
1795,2025-03-24,Monitor,Electronics,Hyderabad,2.0,8561,17122.0,3
1796,2025-05-03,Sofa,Furniture,Delhi,2.0,15225,30450.0,5
1797,2025-03-16,Table,Furniture,Chennai,5.0,7148,35740.0,3
1798,2025-02-05,Laptop,Electronics,Chennai,2.0,55105,110210.0,2
1799,2025-12-02,Monitor,Electronics,Chennai,2.0,8730,17460.0,12
1800,2025-10-18,Mouse,Electronics,Pune,1.0,634,634.0,10
1801,2025-03-13,Laptop,Electronics,Pune,3.0,54924,164772.0,3
1802,2025-08-17,Table,Furniture,Delhi,3.0,7064,21192.0,8
1803,2025-09-05,Sofa,Furniture,Mumbai,2.0,15151,30302.0,9
1804,2025-10-22,Chair,Furniture,Ahmedabad,4.0,3748,14992.0,10
1805,2025-03-13,Chair,Furniture,Ahmedabad,3.0,3507,10521.0,3
1806,2025-05-24,Monitor,Electronics,Delhi,4.0,8570,34280.0,5
1807,2025-10-08,Printer,Electronics,Hyderabad,3.0,9549,28647.0,10
1808,2025-10-23,Table,Furniture,Mumbai,5.0,7118,35590.0,10
1809,2025-01-05,Chair,Furniture,Kolkata,5.0,3742,18710.0,1
1810,2025-12-07,Printer,Electronics,Ahmedabad,3.0,9434,28302.0,12
1811,2025-04-07,Bottle,Accessories,Mumbai,1.0,344,344.0,4
1812,2025-12-18,Printer,Electronics,Pune,2.0,9590,19180.0,12
1813,2025-03-14,Notebook,Stationery,Mumbai,4.0,63,252.0,3
1814,2025-01-06,Notebook,Stationery,Hyderabad,3.0,64,192.0,1
1815,2025-07-27,Pen,Stationery,Bangalore,4.0,137,548.0,7
1816,2025-01-25,Bag,Accessories,Mumbai,1.0,1239,1239.0,1
1817,2025-05-05,Chair,Furniture,Pune,3.0,3486,10458.0,5
1818,2025-02-16,Mouse,Electronics,Bangalore,2.0,622,1244.0,2
1819,2025-11-28,Printer,Electronics,Ahmedabad,5.0,9576,47880.0,11
1820,2025-09-23,Monitor,Electronics,Ahmedabad,1.0,8453,8453.0,9
1821,2025-11-19,Monitor,Electronics,Hyderabad,3.0,8658,25974.0,11
1822,2025-03-05,Bag,Accessories,Delhi,3.0,1116,3348.0,3
1823,2025-01-19,Printer,Electronics,Chennai,3.0,9554,28662.0,1
1824,2025-07-06,Table,Furniture,Kolkata,3.0,6969,20907.0,7
1825,2025-10-03,Notebook,Stationery,Ahmedabad,4.0,120,480.0,10
1826,2025-05-10,Keyboard,Electronics,Chennai,3.0,1269,3807.0,5
1827,2025-01-19,Laptop,Electronics,Kolkata,3.0,54969,164907.0,1
1828,2025-04-11,Printer,Electronics,Pune,3.0,9763,29289.0,4
1829,2025-07-11,Chair,Furniture,Delhi,3.0,3630,10890.0,7
1830,2025-10-08,Keyboard,Electronics,Hyderabad,4.0,1500,6000.0,10
1831,2025-03-21,Mouse,Electronics,Bangalore,4.0,692,2768.0,3
1832,2025-11-03,Mouse,Electronics,Ahmedabad,5.0,475,2375.0,11
1833,2025-12-28,Bottle,Accessories,Hyderabad,2.0,537,1074.0,12
1834,2025-01-03,Laptop,Electronics,Delhi,2.0,55175,110350.0,1
1835,2025-09-02,Pen,Stationery,Chennai,3.0,-50,-150.0,9
1836,2025-11-03,Sofa,Furniture,Pune,1.0,15134,15134.0,11
1837,2025-05-24,Chair,Furniture,Ahmedabad,2.0,3677,7354.0,5
1838,2025-11-15,Printer,Electronics,Ahmedabad,4.0,9574,38296.0,11
1839,2025-05-30,Monitor,Electronics,Mumbai,5.0,8444,42220.0,5
1840,2025-11-14,Monitor,Electronics,Hyderabad,1.0,8753,8753.0,11
1841,2025-12-28,Mouse,Electronics,Delhi,5.0,697,3485.0,12
1842,2025-01-31,Pen,Stationery,Bangalore,5.0,-58,-290.0,1
1843,2025-02-25,Table,Furniture,Delhi,1.0,7109,7109.0,2
1844,2025-10-19,Sofa,Furniture,Chennai,2.0,15133,30266.0,10
1845,2025-10-21,Laptop,Electronics,Mumbai,4.0,55209,220836.0,10
1846,2025-09-25,Bottle,Accessories,Delhi,2.0,442,884.0,9
1847,2025-05-28,Printer,Electronics,Mumbai,5.0,9635,48175.0,5
1848,2025-08-29,Monitor,Electronics,Kolkata,3.0,8753,26259.0,8
1849,2025-01-05,Chair,Furniture,Mumbai,3.0,3491,10473.0,1
1850,2025-02-01,Bag,Accessories,Chennai,1.0,1152,1152.0,2
1851,2025-05-09,Sofa,Furniture,Chennai,4.0,14915,59660.0,5
1852,2025-08-17,Monitor,Electronics,Pune,4.0,8670,34680.0,8
1853,2025-06-09,Sofa,Furniture,Bangalore,3.0,15114,45342.0,6
1854,2025-08-29,Printer,Electronics,Delhi,1.0,9531,9531.0,8
1855,2025-03-15,Chair,Furniture,Kolkata,2.0,3439,6878.0,3
1856,2025-08-25,Table,Furniture,Chennai,5.0,7258,36290.0,8
1857,2025-02-04,Mouse,Electronics,Mumbai,5.0,633,3165.0,2
1858,2025-01-01,Notebook,Stationery,Bangalore,1.0,39,39.0,1
1859,2025-12-09,Bottle,Accessories,Delhi,5.0,422,2110.0,12
1860,2025-01-27,Bag,Accessories,Ahmedabad,4.0,1192,4768.0,1
1861,2025-08-16,Laptop,Electronics,Bangalore,5.0,55255,276275.0,8
1862,2025-10-28,Printer,Electronics,Hyderabad,3.0,9614,28842.0,10
1863,2025-01-29,Notebook,Stationery,Delhi,5.0,295,1475.0,1
1864,2025-11-08,Mouse,Electronics,Delhi,4.0,734,2936.0,11
1865,2025-12-28,Mouse,Electronics,Ahmedabad,5.0,633,3165.0,12
1866,2025-03-01,Chair,Furniture,Kolkata,1.0,3545,3545.0,3
1867,2025-08-11,Notebook,Stationery,Delhi,3.0,332,996.0,8
1868,2026-01-01,Monitor,Electronics,Chennai,5.0,8429,42145.0,1
1869,2025-04-14,Mouse,Electronics,Hyderabad,1.0,411,411.0,4
1870,2025-11-20,Printer,Electronics,Delhi,5.0,9584,47920.0,11
1871,2025-09-20,Bottle,Accessories,Hyderabad,5.0,305,1525.0,9
1872,2025-03-31,Sofa,Furniture,Mumbai,2.0,15237,30474.0,3
1873,2025-08-26,Notebook,Stationery,Pune,5.0,197,985.0,8
1874,2025-11-29,Chair,Furniture,Mumbai,4.0,3492,13968.0,11
1875,2025-07-05,Mouse,Electronics,Mumbai,2.0,777,1554.0,7
1876,2025-07-10,Bag,Accessories,Bangalore,5.0,1271,6355.0,7
1877,2025-04-27,Printer,Electronics,Delhi,2.0,9531,19062.0,4
1878,2025-10-21,Sofa,Furniture,Chennai,4.0,15300,61200.0,10
1879,2025-04-24,Laptop,Electronics,Chennai,4.0,54956,219824.0,4
1880,2025-10-05,Pen,Stationery,Bangalore,4.0,-62,-248.0,10
1881,2025-10-11,Table,Furniture,Bangalore,4.0,7169,28676.0,10
1882,2025-12-10,Mouse,Electronics,Kolkata,1.0,615,615.0,12
1883,2025-09-18,Laptop,Electronics,Pune,2.0,55221,110442.0,9
1884,2025-08-23,Table,Furniture,Bangalore,2.0,7002,14004.0,8
1885,2025-04-19,Sofa,Furniture,Ahmedabad,3.0,14901,44703.0,4
1886,2025-06-05,Notebook,Stationery,Kolkata,2.0,290,580.0,6
1887,2025-02-21,Sofa,Furniture,Mumbai,2.0,15078,30156.0,2
1888,2025-04-07,Bottle,Accessories,Ahmedabad,2.0,372,744.0,4
1889,2025-09-06,Table,Furniture,Kolkata,3.0,6910,20730.0,9
1890,2025-11-09,Mouse,Electronics,Ahmedabad,2.0,762,1524.0,11
1891,2025-02-28,Printer,Electronics,Bangalore,2.0,9685,19370.0,2
1892,2025-09-07,Monitor,Electronics,Pune,5.0,8738,43690.0,9
1893,2025-08-20,Printer,Electronics,Delhi,3.0,9722,29166.0,8
1894,2025-08-12,Laptop,Electronics,Mumbai,4.0,55232,220928.0,8
1895,2025-10-22,Notebook,Stationery,Mumbai,3.0,303,909.0,10
1896,2025-02-08,Keyboard,Electronics,Kolkata,1.0,1192,1192.0,2
1897,2025-09-27,Table,Furniture,Pune,4.0,6998,27992.0,9
1898,2025-08-19,Sofa,Furniture,Hyderabad,2.0,14977,29954.0,8
1899,2025-06-25,Pen,Stationery,Mumbai,3.0,214,642.0,6
1900,2025-09-24,Notebook,Stationery,Hyderabad,4.0,267,1068.0,9
1901,2025-12-28,Sofa,Furniture,Mumbai,3.0,14951,44853.0,12
1902,2025-12-30,Sofa,Furniture,Chennai,1.0,15282,15282.0,12
1903,2025-03-13,Printer,Electronics,Mumbai,5.0,9410,47050.0,3
1904,2025-09-22,Laptop,Electronics,Mumbai,2.0,55082,110164.0,9
1905,2025-12-21,Table,Furniture,Delhi,5.0,7106,35530.0,12
1906,2025-06-11,Monitor,Electronics,Bangalore,5.0,8723,43615.0,6
1907,2025-05-03,Bottle,Accessories,Chennai,2.0,530,1060.0,5
1908,2025-02-10,Keyboard,Electronics,Kolkata,2.0,1328,2656.0,2
1909,2025-11-22,Bag,Accessories,Ahmedabad,5.0,1154,5770.0,11
1910,2025-05-21,Chair,Furniture,Mumbai,5.0,3636,18180.0,5
1911,2025-12-17,Pen,Stationery,Pune,1.0,275,275.0,12
1912,2025-10-25,Monitor,Electronics,Pune,1.0,8482,8482.0,10
1913,2025-05-09,Printer,Electronics,Kolkata,3.0,9603,28809.0,5
1914,2025-08-24,Pen,Stationery,Pune,5.0,251,1255.0,8
1915,2025-02-03,Sofa,Furniture,Hyderabad,3.0,15202,45606.0,2
1916,2025-01-19,Keyboard,Electronics,Ahmedabad,3.0,1391,4173.0,1
1917,2025-05-14,Table,Furniture,Delhi,2.0,7219,14438.0,5
1918,2025-01-30,Printer,Electronics,Delhi,5.0,9737,48685.0,1
1919,2025-07-22,Bag,Accessories,Hyderabad,5.0,1389,6945.0,7
1920,2025-06-18,Keyboard,Electronics,Mumbai,4.0,1279,5116.0,6
1921,2025-07-13,Chair,Furniture,Delhi,2.0,3522,7044.0,7
1922,2025-04-22,Notebook,Stationery,Pune,2.0,37,74.0,4
1923,2025-09-09,Sofa,Furniture,Mumbai,5.0,14933,74665.0,9
1924,2025-08-31,Notebook,Stationery,Pune,3.0,233,699.0,8
1925,2025-08-27,Chair,Furniture,Pune,4.0,3798,15192.0,8
1926,2025-12-17,Bottle,Accessories,Ahmedabad,4.0,259,1036.0,12
1927,2025-03-04,Keyboard,Electronics,Kolkata,2.0,1359,2718.0,3
1928,2025-07-18,Sofa,Furniture,Bangalore,2.0,15152,30304.0,7
1929,2025-01-19,Pen,Stationery,Delhi,4.0,227,908.0,1
1930,2025-02-17,Bag,Accessories,Mumbai,2.0,1439,2878.0,2
1931,2025-05-05,Pen,Stationery,Kolkata,1.0,43,43.0,5
1932,2025-07-30,Bag,Accessories,Pune,2.0,1100,2200.0,7
1933,2025-03-10,Chair,Furniture,Mumbai,4.0,3484,13936.0,3
1934,2025-06-05,Notebook,Stationery,Kolkata,5.0,142,710.0,6
1935,2025-12-09,Table,Furniture,Kolkata,3.0,6948,20844.0,12
1936,2025-05-02,Printer,Electronics,Hyderabad,4.0,9557,38228.0,5
1937,2025-11-27,Notebook,Stationery,Ahmedabad,3.0,44,132.0,11
1938,2025-05-15,Printer,Electronics,Ahmedabad,5.0,9787,48935.0,5
1939,2025-11-12,Chair,Furniture,Delhi,4.0,3647,14588.0,11
1940,2025-01-25,Bottle,Accessories,Hyderabad,2.0,222,444.0,1
1941,2025-02-27,Monitor,Electronics,Pune,2.0,8425,16850.0,2
1942,2025-02-14,Printer,Electronics,Chennai,5.0,9441,47205.0,2
1943,2025-01-26,Pen,Stationery,Ahmedabad,3.0,-56,-168.0,1
1944,2025-11-19,Keyboard,Electronics,Mumbai,1.0,1451,1451.0,11
1945,2025-03-06,Bottle,Accessories,Pune,1.0,200,200.0,3
1946,2025-05-09,Table,Furniture,Kolkata,4.0,7134,28536.0,5
1947,2025-04-13,Printer,Electronics,Hyderabad,2.0,9518,19036.0,4
1948,2025-10-07,Mouse,Electronics,Hyderabad,1.0,543,543.0,10
1949,2025-01-19,Monitor,Electronics,Bangalore,4.0,8426,33704.0,1
1950,2025-10-19,Bottle,Accessories,Hyderabad,3.0,410,1230.0,10
1951,2025-08-15,Notebook,Stationery,Bangalore,2.0,12,24.0,8
1952,2025-02-16,Bag,Accessories,Pune,3.0,1476,4428.0,2
1953,2025-03-01,Laptop,Electronics,Ahmedabad,5.0,55061,275305.0,3
1954,2025-01-18,Chair,Furniture,Hyderabad,2.0,3444,6888.0,1
1955,2025-12-07,Mouse,Electronics,Kolkata,3.0,549,1647.0,12
1956,2025-09-28,Laptop,Electronics,Ahmedabad,1.0,54903,54903.0,9
1957,2025-03-23,Table,Furniture,Ahmedabad,5.0,7030,35150.0,3
1958,2025-05-26,Notebook,Stationery,Hyderabad,5.0,166,830.0,5
1959,2025-09-28,Bottle,Accessories,Delhi,5.0,424,2120.0,9
1960,2025-10-31,Pen,Stationery,Chennai,2.0,52,104.0,10
1961,2025-07-06,Printer,Electronics,Bangalore,3.0,9456,28368.0,7
1962,2025-01-02,Sofa,Furniture,Ahmedabad,5.0,15139,75695.0,1
1963,2025-04-04,Keyboard,Electronics,Ahmedabad,4.0,1483,5932.0,4
1964,2025-02-19,Bag,Accessories,Kolkata,1.0,1102,1102.0,2
1965,2025-04-30,Printer,Electronics,Chennai,2.0,9672,19344.0,4
1966,2025-01-16,Sofa,Furniture,Kolkata,5.0,15205,76025.0,1
1967,2025-03-01,Bag,Accessories,Chennai,3.0,1466,4398.0,3
1968,2025-03-14,Chair,Furniture,Hyderabad,3.0,3643,10929.0,3
1969,2025-11-28,Laptop,Electronics,Mumbai,2.0,55232,110464.0,11
1970,2025-05-12,Notebook,Stationery,Ahmedabad,3.0,244,732.0,5
1971,2025-06-28,Bottle,Accessories,Mumbai,5.0,561,2805.0,6
1972,2025-12-18,Mouse,Electronics,Chennai,3.0,737,2211.0,12
1973,2025-02-10,Table,Furniture,Delhi,1.0,6937,6937.0,2
1974,2025-12-25,Table,Furniture,Chennai,2.0,6910,13820.0,12
1975,2025-01-12,Pen,Stationery,Mumbai,5.0,18,90.0,1
1976,2025-04-24,Printer,Electronics,Hyderabad,1.0,9598,9598.0,4
1977,2025-02-26,Bottle,Accessories,Chennai,3.0,356,1068.0,2
1978,2025-07-16,Table,Furniture,Hyderabad,2.0,7139,14278.0,7
1979,2025-06-21,Table,Furniture,Hyderabad,1.0,6911,6911.0,6
1980,2025-08-28,Laptop,Electronics,Kolkata,4.0,55175,220700.0,8
1981,2025-03-23,Pen,Stationery,Ahmedabad,4.0,64,256.0,3
1982,2025-10-22,Bottle,Accessories,Bangalore,1.0,468,468.0,10
1983,2025-01-09,Monitor,Electronics,Bangalore,5.0,8654,43270.0,1
1984,2025-01-23,Chair,Furniture,Ahmedabad,3.0,3454,10362.0,1
1985,2025-08-31,Chair,Furniture,Delhi,4.0,3521,14084.0,8
1986,2025-05-03,Laptop,Electronics,Delhi,3.0,55277,165831.0,5
1987,2025-04-01,Bag,Accessories,Kolkata,1.0,1387,1387.0,4
1988,2025-11-28,Laptop,Electronics,Ahmedabad,5.0,55263,276315.0,11
1989,2025-04-20,Pen,Stationery,Mumbai,5.0,131,655.0,4
1990,2025-08-30,Chair,Furniture,Hyderabad,1.0,3797,3797.0,8
1991,2025-12-10,Table,Furniture,Pune,4.0,7286,29144.0,12
1992,2025-02-14,Notebook,Stationery,Mumbai,1.0,379,379.0,2
1993,2025-04-14,Sofa,Furniture,Hyderabad,3.0,15241,45723.0,4
1994,2025-07-15,Bottle,Accessories,Hyderabad,3.0,219,657.0,7
1995,2025-08-07,Mouse,Electronics,Hyderabad,2.0,495,990.0,8
1996,2025-05-30,Chair,Furniture,Hyderabad,2.0,3724,7448.0,5
1997,2025-05-03,Laptop,Electronics,Bangalore,4.0,55213,220852.0,5
1998,2025-06-03,Sofa,Furniture,Ahmedabad,2.0,15147,30294.0,6
1999,2025-03-08,Printer,Electronics,Kolkata,4.0,9791,39164.0,3
2000,2025-10-04,Notebook,Stationery,Bangalore,1.0,36,36.0,10
2001,2025-08-10,Bag,Accessories,Delhi,5.0,1396,6980.0,8
2002,2025-10-28,Pen,Stationery,Delhi,4.0,32,128.0,10
2003,2025-05-01,Keyboard,Electronics,Hyderabad,1.0,1224,1224.0,5
2004,2025-09-05,Monitor,Electronics,Hyderabad,4.0,8415,33660.0,9
2005,2025-06-27,Keyboard,Electronics,Chennai,3.0,1143,3429.0,6
2006,2025-08-02,Pen,Stationery,Pune,2.0,272,544.0,8
2007,2025-04-29,Notebook,Stationery,Bangalore,1.0,48,48.0,4
2008,2025-10-14,Sofa,Furniture,Kolkata,3.0,15268,45804.0,10
2009,2025-08-03,Monitor,Electronics,Bangalore,2.0,8578,17156.0,8
2010,2025-11-24,Pen,Stationery,Mumbai,4.0,46,184.0,11
2011,2025-04-02,Keyboard,Electronics,Chennai,3.0,1251,3753.0,4
2012,2025-03-30,Notebook,Stationery,Kolkata,4.0,119,476.0,3
2013,2025-12-02,Keyboard,Electronics,Hyderabad,5.0,1174,5870.0,12
2014,2025-12-03,Keyboard,Electronics,Hyderabad,2.0,1434,2868.0,12
2015,2025-08-08,Printer,Electronics,Ahmedabad,5.0,9550,47750.0,8
2016,2025-08-13,Printer,Electronics,Bangalore,1.0,9449,9449.0,8
2017,2025-05-30,Bottle,Accessories,Pune,4.0,383,1532.0,5
2018,2025-03-17,Chair,Furniture,Mumbai,4.0,3570,14280.0,3
2019,2025-11-15,Pen,Stationery,Chennai,4.0,120,480.0,11
2020,2025-06-20,Printer,Electronics,Hyderabad,3.0,9799,29397.0,6
2021,2025-11-24,Pen,Stationery,Kolkata,4.0,-13,-52.0,11
2022,2025-11-13,Bottle,Accessories,Ahmedabad,2.0,507,1014.0,11
2023,2025-08-06,Chair,Furniture,Mumbai,4.0,3419,13676.0,8
2024,2025-04-13,Pen,Stationery,Hyderabad,1.0,-73,-73.0,4
2025,2025-02-01,Laptop,Electronics,Chennai,2.0,55222,110444.0,2
2026,2025-08-30,Bag,Accessories,Chennai,1.0,1275,1275.0,8
2027,2025-02-06,Bottle,Accessories,Delhi,2.0,362,724.0,2
2028,2025-03-16,Sofa,Furniture,Hyderabad,2.0,14956,29912.0,3
2029,2025-10-06,Notebook,Stationery,Hyderabad,4.0,17,68.0,10
2030,2025-10-24,Pen,Stationery,Chennai,5.0,14,70.0,10
2031,2025-10-19,Monitor,Electronics,Mumbai,1.0,8571,8571.0,10
2032,2025-10-19,Keyboard,Electronics,Delhi,5.0,1133,5665.0,10
2033,2025-03-03,Laptop,Electronics,Hyderabad,2.0,55287,110574.0,3
2034,2025-06-05,Bag,Accessories,Delhi,1.0,1482,1482.0,6
2035,2025-10-04,Table,Furniture,Mumbai,1.0,7101,7101.0,10
2036,2025-11-28,Bottle,Accessories,Pune,1.0,488,488.0,11
2037,2025-02-22,Bottle,Accessories,Mumbai,5.0,577,2885.0,2
2038,2025-11-19,Bag,Accessories,Delhi,1.0,1111,1111.0,11
2039,2025-08-31,Sofa,Furniture,Delhi,3.0,15106,45318.0,8
2040,2025-09-18,Keyboard,Electronics,Mumbai,5.0,1252,6260.0,9
2041,2025-12-28,Keyboard,Electronics,Kolkata,1.0,1295,1295.0,12
2042,2025-12-28,Table,Furniture,Pune,1.0,6943,6943.0,12
2043,2025-07-30,Bag,Accessories,Kolkata,5.0,1438,7190.0,7
2044,2025-10-01,Chair,Furniture,Bangalore,1.0,3578,3578.0,10
2045,2025-05-18,Monitor,Electronics,Chennai,3.0,8609,25827.0,5
2046,2025-08-21,Bag,Accessories,Pune,1.0,1206,1206.0,8
2047,2025-06-05,Chair,Furniture,Pune,5.0,3521,17605.0,6
2048,2025-06-30,Sofa,Furniture,Mumbai,1.0,15203,15203.0,6
2049,2025-09-14,Bottle,Accessories,Hyderabad,2.0,232,464.0,9
2050,2025-11-19,Bottle,Accessories,Mumbai,4.0,250,1000.0,11
2051,2025-06-01,Keyboard,Electronics,Kolkata,1.0,1453,1453.0,6
2052,2025-10-27,Sofa,Furniture,Kolkata,5.0,15269,76345.0,10
2053,2025-11-04,Table,Furniture,Chennai,1.0,6976,6976.0,11
2054,2025-02-18,Keyboard,Electronics,Pune,3.0,1280,3840.0,2
2055,2025-09-19,Printer,Electronics,Delhi,3.0,9473,28419.0,9
2056,2025-09-08,Bottle,Accessories,Delhi,2.0,276,552.0,9
2057,2025-08-17,Sofa,Furniture,Ahmedabad,1.0,15117,15117.0,8
2058,2025-04-25,Pen,Stationery,Bangalore,3.0,41,123.0,4
2059,2025-03-30,Monitor,Electronics,Pune,4.0,8470,33880.0,3
2060,2025-10-09,Notebook,Stationery,Delhi,3.0,84,252.0,10
2061,2025-04-03,Bottle,Accessories,Hyderabad,1.0,249,249.0,4
2062,2025-02-23,Bag,Accessories,Ahmedabad,5.0,1119,5595.0,2
2063,2025-05-13,Printer,Electronics,Delhi,2.0,9787,19574.0,5
2064,2025-01-28,Bottle,Accessories,Ahmedabad,1.0,376,376.0,1
2065,2025-09-30,Notebook,Stationery,Delhi,4.0,301,1204.0,9
2066,2025-06-12,Table,Furniture,Ahmedabad,3.0,7219,21657.0,6
2067,2025-04-06,Chair,Furniture,Chennai,4.0,3687,14748.0,4
2068,2025-04-15,Notebook,Stationery,Chennai,1.0,122,122.0,4
2069,2025-04-01,Table,Furniture,Mumbai,2.0,7093,14186.0,4
2070,2025-01-25,Table,Furniture,Hyderabad,5.0,7004,35020.0,1
2071,2025-10-04,Bag,Accessories,Pune,2.0,1496,2992.0,10
2072,2025-08-30,Pen,Stationery,Hyderabad,4.0,-28,-112.0,8
2073,2025-01-12,Laptop,Electronics,Hyderabad,1.0,55288,55288.0,1
2074,2025-12-16,Table,Furniture,Bangalore,4.0,6936,27744.0,12
2075,2025-12-24,Chair,Furniture,Pune,2.0,3604,7208.0,12
2076,2025-05-20,Monitor,Electronics,Chennai,3.0,8418,25254.0,5
2077,2025-12-11,Chair,Furniture,Kolkata,1.0,3471,3471.0,12
2078,2025-08-17,Bottle,Accessories,Hyderabad,1.0,245,245.0,8
2079,2025-08-28,Monitor,Electronics,Mumbai,3.0,8635,25905.0,8
2080,2025-05-06,Bag,Accessories,Kolkata,2.0,1263,2526.0,5
2081,2025-09-15,Pen,Stationery,Pune,2.0,96,192.0,9
2082,2025-01-15,Monitor,Electronics,Mumbai,5.0,8431,42155.0,1
2083,2025-09-23,Table,Furniture,Pune,3.0,7211,21633.0,9
2084,2025-11-15,Printer,Electronics,Hyderabad,1.0,9714,9714.0,11
2085,2025-07-01,Bottle,Accessories,Pune,5.0,204,1020.0,7
2086,2025-01-10,Bottle,Accessories,Delhi,5.0,396,1980.0,1
2087,2025-02-15,Keyboard,Electronics,Mumbai,1.0,1283,1283.0,2
2088,2025-12-07,Notebook,Stationery,Pune,4.0,-1,-4.0,12
2089,2025-07-11,Bottle,Accessories,Hyderabad,1.0,543,543.0,7
2090,2025-08-19,Keyboard,Electronics,Kolkata,2.0,1332,2664.0,8
2091,2025-04-03,Laptop,Electronics,Delhi,3.0,55217,165651.0,4
2092,2025-03-24,Laptop,Electronics,Hyderabad,2.0,55222,110444.0,3
2093,2025-05-11,Sofa,Furniture,Kolkata,5.0,15269,76345.0,5
2094,2025-01-26,Keyboard,Electronics,Kolkata,1.0,1281,1281.0,1
2095,2025-03-29,Chair,Furniture,Chennai,2.0,3687,7374.0,3
2096,2025-02-15,Bottle,Accessories,Delhi,2.0,596,1192.0,2
2097,2025-06-02,Bag,Accessories,Pune,3.0,1267,3801.0,6
2098,2025-01-26,Bottle,Accessories,Pune,5.0,389,1945.0,1
2099,2025-08-30,Laptop,Electronics,Ahmedabad,4.0,55186,220744.0,8
2100,2025-04-20,Sofa,Furniture,Kolkata,4.0,15118,60472.0,4
2101,2025-05-12,Notebook,Stationery,Pune,4.0,332,1328.0,5
2102,2025-02-08,Printer,Electronics,Delhi,2.0,9665,19330.0,2
2103,2025-12-23,Bag,Accessories,Chennai,4.0,1452,5808.0,12
2104,2025-05-25,Printer,Electronics,Hyderabad,2.0,9504,19008.0,5
2105,2025-08-29,Printer,Electronics,Hyderabad,5.0,9436,47180.0,8
2106,2025-08-30,Chair,Furniture,Bangalore,2.0,3562,7124.0,8
2107,2025-03-13,Chair,Furniture,Ahmedabad,2.0,3756,7512.0,3
2108,2025-01-16,Pen,Stationery,Hyderabad,2.0,111,222.0,1
2109,2025-02-08,Laptop,Electronics,Delhi,4.0,55005,220020.0,2
2110,2025-03-12,Table,Furniture,Chennai,4.0,7155,28620.0,3
2111,2025-03-24,Pen,Stationery,Mumbai,1.0,112,112.0,3
2112,2025-12-10,Table,Furniture,Hyderabad,3.0,7278,21834.0,12
2113,2025-02-23,Monitor,Electronics,Bangalore,4.0,8780,35120.0,2
2114,2025-08-26,Mouse,Electronics,Chennai,4.0,699,2796.0,8
2115,2025-06-03,Bag,Accessories,Ahmedabad,4.0,1257,5028.0,6
2116,2025-04-03,Sofa,Furniture,Kolkata,5.0,14907,74535.0,4
2117,2025-07-03,Monitor,Electronics,Pune,1.0,8570,8570.0,7
2118,2025-06-20,Printer,Electronics,Bangalore,2.0,9566,19132.0,6
2119,2025-04-02,Chair,Furniture,Hyderabad,3.0,3641,10923.0,4
2120,2025-02-26,Keyboard,Electronics,Hyderabad,1.0,1443,1443.0,2
2121,2025-03-09,Sofa,Furniture,Hyderabad,3.0,15125,45375.0,3
2122,2025-09-14,Bottle,Accessories,Mumbai,3.0,312,936.0,9
2123,2025-05-05,Mouse,Electronics,Kolkata,2.0,503,1006.0,5
2124,2025-07-01,Notebook,Stationery,Hyderabad,5.0,243,1215.0,7
2125,2025-06-06,Sofa,Furniture,Kolkata,1.0,15176,15176.0,6
2126,2025-08-24,Mouse,Electronics,Pune,1.0,711,711.0,8
2127,2025-04-06,Bag,Accessories,Hyderabad,2.0,1236,2472.0,4
2128,2025-01-07,Sofa,Furniture,Hyderabad,3.0,15184,45552.0,1
2129,2025-07-21,Notebook,Stationery,Hyderabad,2.0,169,338.0,7
2130,2025-11-03,Laptop,Electronics,Pune,5.0,55218,276090.0,11
2131,2025-08-13,Pen,Stationery,Delhi,2.0,244,488.0,8
2132,2025-05-24,Monitor,Electronics,Chennai,3.0,8470,25410.0,5
2133,2025-12-10,Table,Furniture,Bangalore,3.0,7140,21420.0,12
2134,2025-08-12,Mouse,Electronics,Chennai,5.0,404,2020.0,8
2135,2025-07-05,Notebook,Stationery,Delhi,5.0,278,1390.0,7
2136,2025-09-01,Bottle,Accessories,Delhi,1.0,356,356.0,9
2137,2025-09-16,Keyboard,Electronics,Delhi,1.0,1484,1484.0,9
2138,2025-09-19,Sofa,Furniture,Bangalore,1.0,15237,15237.0,9
2139,2025-01-12,Chair,Furniture,Bangalore,5.0,3603,18015.0,1
2140,2025-03-07,Monitor,Electronics,Hyderabad,3.0,8481,25443.0,3
2141,2025-01-19,Printer,Electronics,Ahmedabad,5.0,9420,47100.0,1
2142,2025-07-22,Notebook,Stationery,Ahmedabad,3.0,54,162.0,7
2143,2025-05-22,Mouse,Electronics,Ahmedabad,3.0,452,1356.0,5
2144,2025-07-18,Mouse,Electronics,Hyderabad,1.0,714,714.0,7
2145,2025-09-03,Printer,Electronics,Bangalore,4.0,9603,38412.0,9
2146,2025-07-26,Printer,Electronics,Ahmedabad,3.0,9652,28956.0,7
2147,2025-05-13,Table,Furniture,Ahmedabad,2.0,7072,14144.0,5
2148,2025-04-27,Laptop,Electronics,Ahmedabad,3.0,55093,165279.0,4
2149,2025-04-03,Printer,Electronics,Mumbai,4.0,9649,38596.0,4
2150,2025-11-09,Mouse,Electronics,Delhi,1.0,562,562.0,11
2151,2025-03-21,Sofa,Furniture,Chennai,2.0,15280,30560.0,3
2152,2025-07-27,Pen,Stationery,Pune,4.0,-41,-164.0,7
2153,2025-12-13,Sofa,Furniture,Pune,3.0,14988,44964.0,12
2154,2025-12-18,Pen,Stationery,Bangalore,4.0,73,292.0,12
2155,2025-05-21,Sofa,Furniture,Hyderabad,2.0,15264,30528.0,5
2156,2025-10-09,Chair,Furniture,Kolkata,1.0,3770,3770.0,10
2157,2025-02-08,Chair,Furniture,Pune,1.0,3533,3533.0,2
2158,2025-11-12,Chair,Furniture,Delhi,3.0,3559,10677.0,11
2159,2025-02-15,Chair,Furniture,Bangalore,5.0,3624,18120.0,2
2160,2025-07-05,Pen,Stationery,Kolkata,1.0,-52,-52.0,7
2161,2025-10-18,Laptop,Electronics,Mumbai,4.0,55017,220068.0,10
2162,2025-03-31,Notebook,Stationery,Mumbai,3.0,246,738.0,3
2163,2025-05-28,Mouse,Electronics,Delhi,4.0,496,1984.0,5
2164,2025-05-08,Laptop,Electronics,Mumbai,1.0,55006,55006.0,5
2165,2025-11-16,Bottle,Accessories,Kolkata,4.0,530,2120.0,11
2166,2025-03-09,Notebook,Stationery,Kolkata,3.0,319,957.0,3
2167,2025-03-26,Notebook,Stationery,Ahmedabad,2.0,154,308.0,3
2168,2025-10-15,Bag,Accessories,Bangalore,5.0,1227,6135.0,10
2169,2025-07-13,Pen,Stationery,Mumbai,5.0,-12,-60.0,7
2170,2025-11-07,Bottle,Accessories,Mumbai,2.0,336,672.0,11
2171,2025-06-16,Bag,Accessories,Pune,5.0,1269,6345.0,6
2172,2025-09-20,Laptop,Electronics,Bangalore,5.0,54922,274610.0,9
2173,2025-08-04,Bottle,Accessories,Pune,3.0,500,1500.0,8
2174,2025-11-24,Table,Furniture,Mumbai,1.0,7104,7104.0,11
2175,2025-03-15,Chair,Furniture,Mumbai,4.0,3415,13660.0,3
2176,2025-06-08,Monitor,Electronics,Ahmedabad,1.0,8705,8705.0,6
2177,2025-10-26,Keyboard,Electronics,Kolkata,2.0,1401,2802.0,10
2178,2025-06-11,Bottle,Accessories,Pune,1.0,344,344.0,6
2179,2025-09-08,Laptop,Electronics,Pune,2.0,55107,110214.0,9
2180,2025-10-02,Chair,Furniture,Kolkata,4.0,3768,15072.0,10
2181,2025-02-10,Bottle,Accessories,Pune,1.0,497,497.0,2
2182,2025-08-17,Printer,Electronics,Chennai,5.0,9497,47485.0,8
2183,2025-06-01,Bag,Accessories,Chennai,1.0,1246,1246.0,6
2184,2025-06-11,Monitor,Electronics,Hyderabad,2.0,8479,16958.0,6
2185,2025-11-19,Pen,Stationery,Delhi,3.0,306,918.0,11
2186,2025-03-13,Sofa,Furniture,Delhi,4.0,15149,60596.0,3
2187,2025-01-25,Monitor,Electronics,Hyderabad,1.0,8668,8668.0,1
2188,2025-01-17,Sofa,Furniture,Kolkata,3.0,14913,44739.0,1
2189,2025-09-10,Notebook,Stationery,Kolkata,3.0,248,744.0,9
2190,2025-12-31,Laptop,Electronics,Hyderabad,5.0,55272,276360.0,12
2191,2025-11-16,Monitor,Electronics,Kolkata,5.0,8755,43775.0,11
2192,2025-01-29,Pen,Stationery,Delhi,2.0,-23,-46.0,1
2193,2025-10-22,Monitor,Electronics,Pune,5.0,8477,42385.0,10
2194,2025-06-08,Printer,Electronics,Ahmedabad,2.0,9417,18834.0,6
2195,2025-07-25,Mouse,Electronics,Ahmedabad,5.0,534,2670.0,7
2196,2025-08-02,Chair,Furniture,Kolkata,3.0,3472,10416.0,8
2197,2025-02-10,Chair,Furniture,Pune,3.0,3736,11208.0,2
2198,2025-09-07,Chair,Furniture,Ahmedabad,2.0,3653,7306.0,9
2199,2025-08-28,Pen,Stationery,Ahmedabad,1.0,-47,-47.0,8
2200,2025-10-09,Laptop,Electronics,Delhi,5.0,55172,275860.0,10
2201,2025-11-15,Sofa,Furniture,Kolkata,1.0,15201,15201.0,11
2202,2025-01-07,Printer,Electronics,Delhi,5.0,9553,47765.0,1
2203,2025-01-10,Laptop,Electronics,Delhi,1.0,54992,54992.0,1
2204,2025-06-10,Sofa,Furniture,Pune,4.0,14903,59612.0,6
2205,2025-03-03,Table,Furniture,Chennai,3.0,7239,21717.0,3
2206,2025-09-10,Keyboard,Electronics,Pune,4.0,1368,5472.0,9
2207,2025-12-18,Monitor,Electronics,Ahmedabad,3.0,8609,25827.0,12
2208,2025-04-21,Bottle,Accessories,Kolkata,5.0,374,1870.0,4
2209,2025-06-24,Bottle,Accessories,Delhi,2.0,316,632.0,6
2210,2025-02-04,Monitor,Electronics,Bangalore,5.0,8459,42295.0,2
2211,2025-07-07,Bag,Accessories,Hyderabad,2.0,1291,2582.0,7
2212,2025-08-18,Sofa,Furniture,Pune,2.0,15216,30432.0,8
2213,2025-03-14,Laptop,Electronics,Hyderabad,3.0,55274,165822.0,3
2214,2025-04-18,Monitor,Electronics,Pune,4.0,8794,35176.0,4
2215,2025-01-19,Pen,Stationery,Bangalore,5.0,147,735.0,1
2216,2025-05-18,Chair,Furniture,Delhi,2.0,3461,6922.0,5
2217,2025-02-08,Sofa,Furniture,Kolkata,5.0,15095,75475.0,2
2218,2025-10-17,Keyboard,Electronics,Kolkata,4.0,1387,5548.0,10
2219,2025-01-23,Keyboard,Electronics,Kolkata,1.0,1429,1429.0,1
2220,2025-01-25,Notebook,Stationery,Hyderabad,5.0,72,360.0,1
2221,2025-04-12,Laptop,Electronics,Pune,2.0,54965,109930.0,4
2222,2025-07-10,Bottle,Accessories,Delhi,5.0,369,1845.0,7
2223,2025-07-21,Notebook,Stationery,Mumbai,5.0,149,745.0,7
2224,2025-06-08,Sofa,Furniture,Chennai,5.0,15154,75770.0,6
2225,2025-01-19,Pen,Stationery,Bangalore,2.0,174,348.0,1
2226,2025-08-25,Laptop,Electronics,Ahmedabad,3.0,55128,165384.0,8
2227,2025-10-28,Bottle,Accessories,Pune,1.0,543,543.0,10
2228,2025-04-16,Chair,Furniture,Bangalore,5.0,3475,17375.0,4
2229,2025-06-01,Sofa,Furniture,Bangalore,4.0,15126,60504.0,6
2230,2025-12-27,Bottle,Accessories,Chennai,2.0,221,442.0,12
2231,2025-03-26,Pen,Stationery,Mumbai,4.0,47,188.0,3
2232,2025-01-05,Mouse,Electronics,Hyderabad,1.0,422,422.0,1
2233,2025-06-12,Bag,Accessories,Ahmedabad,3.0,1377,4131.0,6
2234,2025-05-05,Laptop,Electronics,Pune,1.0,55006,55006.0,5
2235,2025-01-31,Bottle,Accessories,Chennai,4.0,251,1004.0,1
2236,2025-08-20,Bottle,Accessories,Chennai,3.0,578,1734.0,8
2237,2025-11-05,Table,Furniture,Delhi,2.0,7003,14006.0,11
2238,2025-01-26,Bag,Accessories,Delhi,2.0,1312,2624.0,1
2239,2025-10-24,Monitor,Electronics,Delhi,4.0,8420,33680.0,10
2240,2025-08-04,Bag,Accessories,Delhi,3.0,1171,3513.0,8
2241,2025-01-11,Chair,Furniture,Hyderabad,5.0,3741,18705.0,1
2242,2025-03-07,Bottle,Accessories,Chennai,4.0,412,1648.0,3
2243,2025-11-25,Monitor,Electronics,Delhi,5.0,8539,42695.0,11
2244,2025-09-08,Printer,Electronics,Ahmedabad,5.0,9525,47625.0,9
2245,2025-03-20,Keyboard,Electronics,Bangalore,1.0,1225,1225.0,3
2246,2025-05-25,Bottle,Accessories,Kolkata,2.0,479,958.0,5
2247,2025-12-02,Sofa,Furniture,Chennai,3.0,15009,45027.0,12
2248,2025-04-06,Monitor,Electronics,Pune,4.0,8539,34156.0,4
2249,2025-12-30,Bottle,Accessories,Pune,3.0,403,1209.0,12
2250,2025-02-17,Laptop,Electronics,Pune,1.0,55051,55051.0,2
2251,2025-08-07,Bottle,Accessories,Delhi,2.0,511,1022.0,8
2252,2025-02-14,Mouse,Electronics,Bangalore,3.0,414,1242.0,2
2253,2025-01-17,Table,Furniture,Mumbai,3.0,7257,21771.0,1
2254,2025-05-14,Mouse,Electronics,Chennai,5.0,409,2045.0,5
2255,2025-08-04,Chair,Furniture,Kolkata,2.0,3566,7132.0,8
2256,2025-01-13,Notebook,Stationery,Hyderabad,4.0,22,88.0,1
2257,2025-09-13,Monitor,Electronics,Pune,4.0,8648,34592.0,9
2258,2025-09-07,Sofa,Furniture,Chennai,4.0,15285,61140.0,9
2259,2025-02-20,Notebook,Stationery,Bangalore,2.0,173,346.0,2
2260,2025-06-01,Chair,Furniture,Pune,2.0,3671,7342.0,6
2261,2025-09-06,Mouse,Electronics,Hyderabad,3.0,444,1332.0,9
2262,2025-08-24,Bottle,Accessories,Chennai,4.0,310,1240.0,8
2263,2025-07-07,Table,Furniture,Ahmedabad,4.0,7011,28044.0,7
2264,2025-11-05,Printer,Electronics,Delhi,4.0,9409,37636.0,11
2265,2025-08-22,Pen,Stationery,Hyderabad,1.0,216,216.0,8
2266,2025-07-20,Monitor,Electronics,Delhi,1.0,8419,8419.0,7
2267,2025-02-23,Bag,Accessories,Mumbai,5.0,1188,5940.0,2
2268,2025-06-20,Bottle,Accessories,Kolkata,2.0,457,914.0,6
2269,2025-07-26,Monitor,Electronics,Pune,2.0,8513,17026.0,7
2270,2025-07-14,Laptop,Electronics,Mumbai,1.0,54999,54999.0,7
2271,2025-12-01,Chair,Furniture,Chennai,4.0,3767,15068.0,12
2272,2025-10-24,Sofa,Furniture,Mumbai,4.0,14954,59816.0,10
2273,2025-09-03,Bottle,Accessories,Chennai,5.0,423,2115.0,9
2274,2025-05-17,Monitor,Electronics,Pune,4.0,8785,35140.0,5
2275,2025-08-28,Printer,Electronics,Hyderabad,4.0,9403,37612.0,8
2276,2025-11-22,Notebook,Stationery,Kolkata,3.0,377,1131.0,11
2277,2025-10-19,Laptop,Electronics,Pune,2.0,55243,110486.0,10
2278,2025-07-28,Bottle,Accessories,Mumbai,4.0,390,1560.0,7
2279,2025-06-12,Pen,Stationery,Kolkata,1.0,317,317.0,6
2280,2025-04-15,Mouse,Electronics,Ahmedabad,5.0,425,2125.0,4
2281,2025-09-27,Pen,Stationery,Mumbai,4.0,12,48.0,9
2282,2025-10-14,Notebook,Stationery,Chennai,4.0,361,1444.0,10
2283,2025-10-19,Bag,Accessories,Bangalore,5.0,1495,7475.0,10
2284,2025-09-25,Notebook,Stationery,Chennai,3.0,282,846.0,9
2285,2025-07-11,Mouse,Electronics,Bangalore,2.0,714,1428.0,7
2286,2025-09-20,Pen,Stationery,Hyderabad,4.0,37,148.0,9
2287,2025-05-26,Sofa,Furniture,Pune,1.0,15139,15139.0,5
2288,2025-01-18,Bag,Accessories,Bangalore,3.0,1394,4182.0,1
2289,2025-12-21,Mouse,Electronics,Hyderabad,2.0,404,808.0,12
2290,2025-09-22,Bottle,Accessories,Chennai,1.0,319,319.0,9
2291,2025-07-29,Pen,Stationery,Pune,1.0,-52,-52.0,7
2292,2025-03-13,Laptop,Electronics,Kolkata,5.0,55163,275815.0,3
2293,2025-11-20,Pen,Stationery,Ahmedabad,5.0,235,1175.0,11
2294,2025-09-24,Bag,Accessories,Delhi,3.0,1403,4209.0,9
2295,2025-03-08,Mouse,Electronics,Chennai,1.0,669,669.0,3
2296,2025-06-11,Keyboard,Electronics,Bangalore,2.0,1445,2890.0,6
2297,2025-01-08,Bag,Accessories,Mumbai,5.0,1259,6295.0,1
2298,2025-08-19,Sofa,Furniture,Ahmedabad,2.0,15238,30476.0,8
2299,2025-02-03,Chair,Furniture,Delhi,3.0,3545,10635.0,2
2300,2025-05-18,Printer,Electronics,Kolkata,3.0,9528,28584.0,5
2301,2025-08-04,Notebook,Stationery,Kolkata,5.0,246,1230.0,8
2302,2025-08-15,Bag,Accessories,Bangalore,5.0,1349,6745.0,8
2303,2025-03-16,Laptop,Electronics,Ahmedabad,4.0,54951,219804.0,3
2304,2025-11-15,Notebook,Stationery,Delhi,3.0,41,123.0,11
2305,2025-01-05,Bottle,Accessories,Bangalore,3.0,416,1248.0,1
2306,2025-02-22,Laptop,Electronics,Chennai,4.0,54914,219656.0,2
2307,2025-01-03,Sofa,Furniture,Kolkata,5.0,15040,75200.0,1
2308,2025-09-29,Keyboard,Electronics,Hyderabad,4.0,1174,4696.0,9
2309,2025-06-03,Keyboard,Electronics,Bangalore,2.0,1341,2682.0,6
2310,2025-09-23,Monitor,Electronics,Mumbai,4.0,8709,34836.0,9
2311,2025-12-22,Sofa,Furniture,Ahmedabad,2.0,14904,29808.0,12
2312,2025-01-18,Keyboard,Electronics,Kolkata,2.0,1104,2208.0,1
2313,2025-03-12,Mouse,Electronics,Bangalore,3.0,476,1428.0,3
2314,2025-03-31,Monitor,Electronics,Bangalore,4.0,8526,34104.0,3
2315,2025-10-27,Laptop,Electronics,Ahmedabad,3.0,54959,164877.0,10
2316,2025-10-13,Sofa,Furniture,Pune,3.0,15036,45108.0,10
2317,2025-10-21,Bottle,Accessories,Mumbai,4.0,368,1472.0,10
2318,2025-02-05,Sofa,Furniture,Pune,4.0,14956,59824.0,2
2319,2025-09-29,Table,Furniture,Bangalore,2.0,7001,14002.0,9
2320,2025-02-21,Bag,Accessories,Hyderabad,5.0,1419,7095.0,2
2321,2025-06-24,Notebook,Stationery,Pune,1.0,7,7.0,6
2322,2025-07-08,Sofa,Furniture,Hyderabad,3.0,15077,45231.0,7
2323,2025-05-24,Chair,Furniture,Delhi,1.0,3628,3628.0,5
2324,2025-12-07,Printer,Electronics,Kolkata,4.0,9780,39120.0,12
2325,2025-01-14,Chair,Furniture,Chennai,5.0,3677,18385.0,1
2326,2025-05-24,Bottle,Accessories,Ahmedabad,1.0,344,344.0,5
2327,2025-01-20,Table,Furniture,Hyderabad,4.0,7228,28912.0,1
2328,2025-06-19,Keyboard,Electronics,Hyderabad,4.0,1308,5232.0,6
2329,2025-09-14,Pen,Stationery,Delhi,2.0,-52,-104.0,9
2330,2025-12-23,Sofa,Furniture,Hyderabad,4.0,15289,61156.0,12
2331,2025-08-13,Chair,Furniture,Chennai,3.0,3652,10956.0,8
2332,2025-02-06,Sofa,Furniture,Kolkata,3.0,15215,45645.0,2
2333,2025-06-21,Sofa,Furniture,Chennai,2.0,14972,29944.0,6
2334,2025-03-16,Bottle,Accessories,Delhi,3.0,419,1257.0,3
2335,2025-09-04,Laptop,Electronics,Delhi,1.0,54985,54985.0,9
2336,2025-03-28,Monitor,Electronics,Delhi,1.0,8773,8773.0,3
2337,2025-08-24,Notebook,Stationery,Ahmedabad,1.0,207,207.0,8
2338,2025-04-14,Chair,Furniture,Delhi,1.0,3642,3642.0,4
2339,2025-08-07,Notebook,Stationery,Hyderabad,4.0,363,1452.0,8
2340,2025-03-12,Printer,Electronics,Kolkata,2.0,9722,19444.0,3
2341,2025-09-16,Sofa,Furniture,Delhi,1.0,15272,15272.0,9
2342,2025-10-26,Pen,Stationery,Chennai,4.0,110,440.0,10
2343,2025-01-10,Table,Furniture,Ahmedabad,1.0,7066,7066.0,1
2344,2025-03-23,Laptop,Electronics,Delhi,5.0,54986,274930.0,3
2345,2025-09-23,Pen,Stationery,Hyderabad,2.0,95,190.0,9
2346,2025-08-17,Notebook,Stationery,Kolkata,5.0,66,330.0,8
2347,2025-07-30,Keyboard,Electronics,Pune,5.0,1466,7330.0,7
2348,2025-03-01,Printer,Electronics,Hyderabad,4.0,9679,38716.0,3
2349,2025-12-13,Laptop,Electronics,Mumbai,5.0,54918,274590.0,12
2350,2025-12-19,Sofa,Furniture,Ahmedabad,3.0,15098,45294.0,12
2351,2025-04-18,Pen,Stationery,Chennai,3.0,250,750.0,4
2352,2025-10-19,Laptop,Electronics,Bangalore,2.0,55140,110280.0,10
2353,2025-02-06,Mouse,Electronics,Ahmedabad,5.0,404,2020.0,2
2354,2025-08-14,Chair,Furniture,Bangalore,1.0,3590,3590.0,8
2355,2025-10-20,Monitor,Electronics,Bangalore,3.0,8658,25974.0,10
2356,2025-05-26,Bottle,Accessories,Delhi,1.0,412,412.0,5
2357,2025-09-06,Printer,Electronics,Kolkata,5.0,9633,48165.0,9
2358,2025-04-20,Laptop,Electronics,Kolkata,4.0,55184,220736.0,4
2359,2025-03-17,Mouse,Electronics,Bangalore,2.0,689,1378.0,3
2360,2025-03-26,Keyboard,Electronics,Mumbai,5.0,1437,7185.0,3
2361,2025-04-28,Printer,Electronics,Kolkata,2.0,9676,19352.0,4
2362,2025-11-13,Laptop,Electronics,Mumbai,3.0,55277,165831.0,11
2363,2025-11-10,Bag,Accessories,Ahmedabad,3.0,1320,3960.0,11
2364,2025-01-09,Bag,Accessories,Pune,3.0,1136,3408.0,1
2365,2025-04-12,Printer,Electronics,Ahmedabad,3.0,9548,28644.0,4
2366,2025-07-25,Laptop,Electronics,Pune,1.0,55248,55248.0,7
2367,2025-05-02,Laptop,Electronics,Pune,3.0,54973,164919.0,5
2368,2025-04-02,Keyboard,Electronics,Kolkata,3.0,1204,3612.0,4
2369,2025-11-09,Sofa,Furniture,Hyderabad,2.0,14940,29880.0,11
2370,2025-08-11,Sofa,Furniture,Pune,4.0,14988,59952.0,8
2371,2025-05-04,Bottle,Accessories,Mumbai,3.0,488,1464.0,5
2372,2025-04-30,Notebook,Stationery,Kolkata,1.0,-17,-17.0,4
2373,2025-01-09,Mouse,Electronics,Ahmedabad,2.0,782,1564.0,1
2374,2025-10-08,Pen,Stationery,Pune,3.0,-70,-210.0,10
2375,2025-10-27,Chair,Furniture,Kolkata,1.0,3549,3549.0,10
2376,2025-01-10,Mouse,Electronics,Hyderabad,1.0,650,650.0,1
2377,2025-09-05,Bottle,Accessories,Pune,1.0,584,584.0,9
2378,2025-04-19,Keyboard,Electronics,Kolkata,4.0,1141,4564.0,4
2379,2025-03-08,Printer,Electronics,Mumbai,3.0,9544,28632.0,3
2380,2025-08-01,Keyboard,Electronics,Chennai,1.0,1452,1452.0,8
2381,2025-03-11,Laptop,Electronics,Delhi,5.0,55210,276050.0,3
2382,2025-02-20,Laptop,Electronics,Mumbai,1.0,55022,55022.0,2
2383,2025-07-22,Pen,Stationery,Delhi,5.0,-5,-25.0,7
2384,2025-07-18,Bag,Accessories,Delhi,2.0,1134,2268.0,7
2385,2025-03-14,Notebook,Stationery,Kolkata,2.0,24,48.0,3
2386,2025-05-19,Sofa,Furniture,Hyderabad,3.0,14998,44994.0,5
2387,2025-07-17,Keyboard,Electronics,Bangalore,4.0,1262,5048.0,7
2388,2025-10-09,Bottle,Accessories,Chennai,2.0,264,528.0,10
2389,2025-12-31,Monitor,Electronics,Ahmedabad,2.0,8659,17318.0,12
2390,2025-05-16,Mouse,Electronics,Kolkata,1.0,493,493.0,5
2391,2025-03-03,Monitor,Electronics,Ahmedabad,4.0,8563,34252.0,3
2392,2025-12-01,Printer,Electronics,Delhi,4.0,9522,38088.0,12
2393,2025-06-10,Bag,Accessories,Hyderabad,3.0,1426,4278.0,6
2394,2025-07-11,Mouse,Electronics,Mumbai,1.0,662,662.0,7
2395,2025-08-28,Pen,Stationery,Delhi,4.0,307,1228.0,8
2396,2025-11-30,Laptop,Electronics,Ahmedabad,3.0,54976,164928.0,11
2397,2025-01-01,Bag,Accessories,Delhi,3.0,1114,3342.0,1
2398,2025-09-24,Bag,Accessories,Delhi,4.0,1400,5600.0,9
2399,2025-02-28,Keyboard,Electronics,Hyderabad,3.0,1299,3897.0,2
2400,2025-07-15,Mouse,Electronics,Delhi,4.0,559,2236.0,7
2401,2025-02-22,Keyboard,Electronics,Hyderabad,1.0,1223,1223.0,2
2402,2025-01-09,Monitor,Electronics,Pune,5.0,8667,43335.0,1
2403,2025-11-02,Chair,Furniture,Pune,3.0,3565,10695.0,11
2404,2025-09-22,Keyboard,Electronics,Hyderabad,5.0,1101,5505.0,9
2405,2025-01-10,Bag,Accessories,Mumbai,5.0,1164,5820.0,1
2406,2025-04-17,Sofa,Furniture,Bangalore,4.0,15253,61012.0,4
2407,2025-07-27,Printer,Electronics,Pune,2.0,9500,19000.0,7
2408,2025-08-07,Table,Furniture,Hyderabad,5.0,7249,36245.0,8
2409,2025-04-25,Mouse,Electronics,Pune,5.0,665,3325.0,4
2410,2025-12-01,Notebook,Stationery,Mumbai,1.0,206,206.0,12
2411,2025-04-28,Bottle,Accessories,Chennai,1.0,567,567.0,4
2412,2025-05-23,Notebook,Stationery,Hyderabad,2.0,181,362.0,5
2413,2025-07-14,Monitor,Electronics,Bangalore,3.0,8716,26148.0,7
2414,2025-10-09,Notebook,Stationery,Chennai,3.0,32,96.0,10
2415,2025-03-22,Monitor,Electronics,Mumbai,4.0,8748,34992.0,3
2416,2025-10-15,Keyboard,Electronics,Chennai,2.0,1322,2644.0,10
2417,2025-06-18,Bottle,Accessories,Chennai,1.0,535,535.0,6
2418,2025-10-23,Notebook,Stationery,Pune,3.0,-11,-33.0,10
2419,2025-12-05,Printer,Electronics,Pune,5.0,9667,48335.0,12
2420,2025-01-08,Bottle,Accessories,Pune,1.0,387,387.0,1
2421,2025-09-12,Monitor,Electronics,Kolkata,2.0,8508,17016.0,9
2422,2025-04-23,Laptop,Electronics,Mumbai,2.0,55035,110070.0,4
2423,2025-05-16,Pen,Stationery,Bangalore,4.0,288,1152.0,5
2424,2025-01-28,Sofa,Furniture,Bangalore,4.0,15086,60344.0,1
2425,2025-05-31,Mouse,Electronics,Delhi,2.0,474,948.0,5
2426,2025-10-18,Pen,Stationery,Kolkata,4.0,206,824.0,10
2427,2025-03-05,Printer,Electronics,Bangalore,5.0,9742,48710.0,3
2428,2025-11-16,Keyboard,Electronics,Mumbai,3.0,1277,3831.0,11
2429,2025-10-03,Sofa,Furniture,Kolkata,2.0,14973,29946.0,10
2430,2025-01-10,Mouse,Electronics,Mumbai,3.0,587,1761.0,1
2431,2025-12-27,Notebook,Stationery,Chennai,5.0,153,765.0,12
2432,2025-12-22,Mouse,Electronics,Delhi,2.0,684,1368.0,12
2433,2025-07-20,Monitor,Electronics,Mumbai,2.0,8505,17010.0,7
2434,2025-12-02,Laptop,Electronics,Pune,2.0,54935,109870.0,12
2435,2025-01-27,Bottle,Accessories,Chennai,4.0,228,912.0,1
2436,2025-10-30,Mouse,Electronics,Kolkata,3.0,696,2088.0,10
2437,2025-03-14,Chair,Furniture,Ahmedabad,3.0,3581,10743.0,3
2438,2025-07-09,Sofa,Furniture,Hyderabad,5.0,15026,75130.0,7
2439,2025-06-18,Sofa,Furniture,Delhi,4.0,14926,59704.0,6
2440,2025-04-28,Bag,Accessories,Delhi,3.0,1190,3570.0,4
2441,2025-03-27,Laptop,Electronics,Delhi,5.0,55070,275350.0,3
2442,2025-03-20,Pen,Stationery,Ahmedabad,1.0,168,168.0,3
2443,2025-08-25,Monitor,Electronics,Bangalore,1.0,8629,8629.0,8
2444,2025-11-12,Monitor,Electronics,Hyderabad,2.0,8441,16882.0,11
2445,2025-03-19,Mouse,Electronics,Bangalore,4.0,406,1624.0,3
2446,2025-06-29,Sofa,Furniture,Chennai,4.0,15006,60024.0,6
2447,2025-10-13,Printer,Electronics,Hyderabad,1.0,9422,9422.0,10
2448,2025-11-21,Chair,Furniture,Mumbai,5.0,3406,17030.0,11
2449,2025-08-04,Printer,Electronics,Hyderabad,2.0,9652,19304.0,8
2450,2025-11-17,Notebook,Stationery,Pune,3.0,36,108.0,11
2451,2025-08-22,Chair,Furniture,Chennai,2.0,3442,6884.0,8
2452,2025-07-18,Monitor,Electronics,Kolkata,3.0,8539,25617.0,7
2453,2025-12-25,Monitor,Electronics,Mumbai,3.0,8477,25431.0,12
2454,2025-04-11,Keyboard,Electronics,Ahmedabad,3.0,1253,3759.0,4
2455,2025-02-28,Keyboard,Electronics,Mumbai,1.0,1114,1114.0,2
2456,2025-10-12,Monitor,Electronics,Mumbai,5.0,8787,43935.0,10
2457,2025-01-30,Printer,Electronics,Ahmedabad,1.0,9537,9537.0,1
2458,2025-09-18,Mouse,Electronics,Bangalore,2.0,646,1292.0,9
2459,2025-02-03,Chair,Furniture,Chennai,1.0,3567,3567.0,2
2460,2025-06-01,Laptop,Electronics,Kolkata,5.0,55020,275100.0,6
2461,2025-08-28,Pen,Stationery,Pune,4.0,81,324.0,8
2462,2025-05-14,Sofa,Furniture,Mumbai,1.0,15026,15026.0,5
2463,2025-02-09,Table,Furniture,Delhi,3.0,7253,21759.0,2
2464,2025-08-07,Pen,Stationery,Bangalore,4.0,1,4.0,8
2465,2025-12-15,Table,Furniture,Pune,3.0,7281,21843.0,12
2466,2025-06-09,Sofa,Furniture,Ahmedabad,1.0,15254,15254.0,6
2467,2025-12-16,Table,Furniture,Pune,5.0,7090,35450.0,12
2468,2025-10-16,Chair,Furniture,Hyderabad,4.0,3780,15120.0,10
2469,2025-04-04,Pen,Stationery,Mumbai,1.0,113,113.0,4
2470,2025-08-14,Printer,Electronics,Kolkata,4.0,9521,38084.0,8
2471,2025-10-28,Bottle,Accessories,Bangalore,3.0,427,1281.0,10
2472,2025-11-23,Table,Furniture,Hyderabad,5.0,7012,35060.0,11
2473,2025-01-06,Bag,Accessories,Kolkata,2.0,1404,2808.0,1
2474,2025-12-17,Notebook,Stationery,Chennai,5.0,128,640.0,12
2475,2025-12-05,Keyboard,Electronics,Hyderabad,1.0,1269,1269.0,12
2476,2025-08-18,Bag,Accessories,Mumbai,4.0,1500,6000.0,8
2477,2025-10-25,Laptop,Electronics,Chennai,1.0,55293,55293.0,10
2478,2025-11-14,Monitor,Electronics,Mumbai,4.0,8503,34012.0,11
2479,2025-10-29,Bag,Accessories,Chennai,1.0,1335,1335.0,10
2480,2025-09-26,Mouse,Electronics,Bangalore,5.0,504,2520.0,9
2481,2025-09-09,Printer,Electronics,Delhi,5.0,9684,48420.0,9
2482,2025-04-11,Printer,Electronics,Chennai,3.0,9548,28644.0,4
2483,2025-08-21,Mouse,Electronics,Chennai,4.0,630,2520.0,8
2484,2025-11-22,Bottle,Accessories,Mumbai,5.0,378,1890.0,11
2485,2025-01-22,Mouse,Electronics,Kolkata,3.0,651,1953.0,1
2486,2025-06-06,Notebook,Stationery,Delhi,4.0,78,312.0,6
2487,2025-12-20,Bag,Accessories,Delhi,2.0,1404,2808.0,12
2488,2025-02-27,Keyboard,Electronics,Chennai,5.0,1131,5655.0,2
2489,2025-02-24,Sofa,Furniture,Chennai,5.0,14910,74550.0,2
2490,2025-03-11,Printer,Electronics,Chennai,2.0,9655,19310.0,3
2491,2025-11-25,Chair,Furniture,Bangalore,2.0,3540,7080.0,11
2492,2025-12-21,Monitor,Electronics,Hyderabad,1.0,8526,8526.0,12
2493,2025-03-01,Sofa,Furniture,Chennai,1.0,15224,15224.0,3
2494,2025-12-24,Chair,Furniture,Kolkata,5.0,3738,18690.0,12
2495,2025-12-27,Keyboard,Electronics,Bangalore,1.0,1140,1140.0,12
2496,2025-06-10,Mouse,Electronics,Kolkata,4.0,548,2192.0,6
2497,2025-09-26,Sofa,Furniture,Delhi,2.0,15018,30036.0,9
2498,2025-05-06,Pen,Stationery,Kolkata,2.0,174,348.0,5
2499,2025-11-03,Notebook,Stationery,Hyderabad,4.0,222,888.0,11
2500,2025-01-14,Pen,Stationery,Bangalore,5.0,-31,-155.0,1
2501,2025-09-12,Printer,Electronics,Mumbai,4.0,9516,38064.0,9
2502,2025-12-10,Notebook,Stationery,Kolkata,4.0,247,988.0,12
2503,2025-02-04,Pen,Stationery,Delhi,2.0,145,290.0,2
2504,2025-04-06,Keyboard,Electronics,Chennai,4.0,1195,4780.0,4
2505,2025-06-01,Sofa,Furniture,Delhi,5.0,15239,76195.0,6
2506,2025-01-16,Keyboard,Electronics,Kolkata,4.0,1366,5464.0,1
2507,2025-01-16,Notebook,Stationery,Pune,4.0,315,1260.0,1
2508,2025-01-12,Keyboard,Electronics,Kolkata,5.0,1497,7485.0,1
2509,2025-10-20,Chair,Furniture,Kolkata,4.0,3458,13832.0,10
2510,2025-07-17,Bag,Accessories,Kolkata,3.0,1384,4152.0,7
2511,2025-10-05,Laptop,Electronics,Chennai,2.0,55103,110206.0,10
2512,2025-02-14,Bag,Accessories,Bangalore,5.0,1362,6810.0,2
2513,2025-04-19,Sofa,Furniture,Kolkata,2.0,14991,29982.0,4
2514,2025-09-11,Table,Furniture,Pune,1.0,7132,7132.0,9
2515,2025-12-24,Table,Furniture,Mumbai,5.0,6912,34560.0,12
2516,2025-10-26,Chair,Furniture,Ahmedabad,5.0,3597,17985.0,10
2517,2025-06-03,Pen,Stationery,Delhi,5.0,289,1445.0,6
2518,2025-03-03,Mouse,Electronics,Bangalore,4.0,700,2800.0,3
2519,2025-01-22,Chair,Furniture,Mumbai,2.0,3492,6984.0,1
2520,2025-08-14,Bottle,Accessories,Hyderabad,5.0,385,1925.0,8
2521,2025-06-21,Printer,Electronics,Chennai,3.0,9421,28263.0,6
2522,2025-01-30,Laptop,Electronics,Kolkata,4.0,55232,220928.0,1
2523,2025-07-26,Keyboard,Electronics,Mumbai,4.0,1443,5772.0,7
2524,2025-02-12,Table,Furniture,Mumbai,2.0,7028,14056.0,2
2525,2025-06-23,Bag,Accessories,Ahmedabad,3.0,1271,3813.0,6
2526,2025-12-08,Pen,Stationery,Delhi,1.0,16,16.0,12
2527,2025-07-22,Bag,Accessories,Pune,4.0,1359,5436.0,7
2528,2025-06-05,Mouse,Electronics,Bangalore,5.0,608,3040.0,6
2529,2025-10-27,Mouse,Electronics,Mumbai,4.0,602,2408.0,10
2530,2025-02-08,Sofa,Furniture,Delhi,4.0,14901,59604.0,2
2531,2025-06-18,Bottle,Accessories,Ahmedabad,4.0,492,1968.0,6
2532,2025-05-16,Chair,Furniture,Ahmedabad,3.0,3490,10470.0,5
2533,2025-07-16,Printer,Electronics,Kolkata,1.0,9552,9552.0,7
2534,2025-02-27,Keyboard,Electronics,Hyderabad,3.0,1174,3522.0,2
2535,2025-01-31,Keyboard,Electronics,Kolkata,3.0,1480,4440.0,1
2536,2025-12-25,Mouse,Electronics,Hyderabad,5.0,549,2745.0,12
2537,2025-08-28,Sofa,Furniture,Pune,5.0,14978,74890.0,8
2538,2025-03-10,Printer,Electronics,Chennai,5.0,9784,48920.0,3
2539,2025-06-19,Bottle,Accessories,Mumbai,2.0,211,422.0,6
2540,2025-10-14,Chair,Furniture,Delhi,2.0,3788,7576.0,10
2541,2025-02-07,Notebook,Stationery,Delhi,4.0,159,636.0,2
2542,2025-07-05,Sofa,Furniture,Bangalore,1.0,15139,15139.0,7
2543,2025-12-14,Chair,Furniture,Mumbai,4.0,3756,15024.0,12
2544,2025-08-15,Pen,Stationery,Mumbai,1.0,245,245.0,8
2545,2025-04-09,Bag,Accessories,Bangalore,4.0,1248,4992.0,4
2546,2025-12-18,Notebook,Stationery,Delhi,2.0,-16,-32.0,12
2547,2025-05-03,Chair,Furniture,Chennai,2.0,3453,6906.0,5
2548,2025-12-22,Bag,Accessories,Mumbai,1.0,1151,1151.0,12
2549,2025-10-29,Chair,Furniture,Chennai,1.0,3774,3774.0,10
2550,2025-05-29,Sofa,Furniture,Chennai,2.0,14943,29886.0,5
2551,2025-06-25,Table,Furniture,Hyderabad,1.0,7179,7179.0,6
2552,2025-03-22,Pen,Stationery,Bangalore,1.0,309,309.0,3
2553,2025-12-14,Notebook,Stationery,Ahmedabad,4.0,345,1380.0,12
2554,2025-01-29,Keyboard,Electronics,Bangalore,2.0,1138,2276.0,1
2555,2025-05-28,Chair,Furniture,Chennai,2.0,3503,7006.0,5
2556,2025-11-10,Table,Furniture,Ahmedabad,1.0,7215,7215.0,11
2557,2025-10-10,Notebook,Stationery,Bangalore,5.0,203,1015.0,10
2558,2025-08-12,Sofa,Furniture,Bangalore,5.0,14907,74535.0,8
2559,2025-12-24,Printer,Electronics,Delhi,4.0,9756,39024.0,12
2560,2025-06-29,Laptop,Electronics,Delhi,4.0,55188,220752.0,6
2561,2025-04-25,Monitor,Electronics,Bangalore,1.0,8452,8452.0,4
2562,2025-06-03,Notebook,Stationery,Delhi,1.0,160,160.0,6
2563,2025-12-01,Bag,Accessories,Kolkata,2.0,1280,2560.0,12
2564,2025-08-02,Laptop,Electronics,Chennai,4.0,54971,219884.0,8
2565,2025-07-22,Notebook,Stationery,Bangalore,1.0,356,356.0,7
2566,2025-06-03,Bag,Accessories,Pune,4.0,1378,5512.0,6
2567,2025-07-14,Printer,Electronics,Delhi,3.0,9669,29007.0,7
2568,2025-09-11,Bottle,Accessories,Pune,3.0,487,1461.0,9
2569,2025-12-07,Monitor,Electronics,Ahmedabad,1.0,8488,8488.0,12
2570,2025-08-06,Table,Furniture,Delhi,3.0,6943,20829.0,8
2571,2025-05-18,Bag,Accessories,Bangalore,3.0,1123,3369.0,5
2572,2025-11-02,Laptop,Electronics,Delhi,2.0,55078,110156.0,11
2573,2025-05-20,Pen,Stationery,Mumbai,3.0,84,252.0,5
2574,2025-06-11,Sofa,Furniture,Bangalore,1.0,15151,15151.0,6
2575,2025-08-04,Mouse,Electronics,Kolkata,4.0,443,1772.0,8
2576,2025-10-04,Notebook,Stationery,Hyderabad,2.0,29,58.0,10
2577,2025-08-07,Monitor,Electronics,Ahmedabad,3.0,8475,25425.0,8
2578,2025-11-24,Laptop,Electronics,Bangalore,5.0,55227,276135.0,11
2579,2025-04-30,Notebook,Stationery,Bangalore,2.0,313,626.0,4
2580,2025-09-16,Mouse,Electronics,Pune,5.0,605,3025.0,9
2581,2025-08-27,Bottle,Accessories,Pune,2.0,590,1180.0,8
2582,2025-02-17,Monitor,Electronics,Hyderabad,4.0,8444,33776.0,2
2583,2025-01-09,Notebook,Stationery,Bangalore,4.0,40,160.0,1
2584,2025-02-16,Monitor,Electronics,Chennai,1.0,8749,8749.0,2
2585,2025-03-28,Bottle,Accessories,Chennai,5.0,520,2600.0,3
2586,2025-12-07,Keyboard,Electronics,Bangalore,3.0,1392,4176.0,12
2587,2025-03-24,Printer,Electronics,Ahmedabad,2.0,9445,18890.0,3
2588,2025-11-23,Laptop,Electronics,Hyderabad,4.0,55297,221188.0,11
2589,2025-01-30,Mouse,Electronics,Chennai,5.0,776,3880.0,1
2590,2025-06-26,Monitor,Electronics,Pune,1.0,8794,8794.0,6
2591,2025-08-05,Laptop,Electronics,Chennai,2.0,54980,109960.0,8
2592,2025-08-25,Pen,Stationery,Bangalore,1.0,-56,-56.0,8
2593,2025-08-23,Notebook,Stationery,Bangalore,4.0,252,1008.0,8
2594,2025-10-31,Chair,Furniture,Ahmedabad,4.0,3441,13764.0,10
2595,2025-07-27,Sofa,Furniture,Ahmedabad,5.0,15287,76435.0,7
2596,2025-09-29,Keyboard,Electronics,Mumbai,2.0,1219,2438.0,9
2597,2025-10-24,Pen,Stationery,Bangalore,5.0,227,1135.0,10
2598,2025-11-17,Notebook,Stationery,Kolkata,4.0,98,392.0,11
2599,2025-08-16,Monitor,Electronics,Mumbai,4.0,8758,35032.0,8
2600,2025-12-31,Laptop,Electronics,Ahmedabad,4.0,55006,220024.0,12
2601,2025-05-13,Laptop,Electronics,Delhi,5.0,55063,275315.0,5
2602,2025-07-22,Bottle,Accessories,Mumbai,3.0,570,1710.0,7
2603,2025-01-31,Chair,Furniture,Kolkata,1.0,3456,3456.0,1
2604,2025-05-30,Bag,Accessories,Mumbai,3.0,1409,4227.0,5
2605,2025-07-05,Bag,Accessories,Mumbai,5.0,1442,7210.0,7
2606,2025-10-30,Chair,Furniture,Ahmedabad,2.0,3699,7398.0,10
2607,2025-02-15,Chair,Furniture,Bangalore,1.0,3771,3771.0,2
2608,2025-10-23,Bag,Accessories,Delhi,3.0,1434,4302.0,10
2609,2025-04-16,Keyboard,Electronics,Delhi,2.0,1254,2508.0,4
2610,2025-06-10,Pen,Stationery,Delhi,3.0,201,603.0,6
2611,2025-07-23,Pen,Stationery,Kolkata,3.0,313,939.0,7
2612,2025-12-12,Sofa,Furniture,Ahmedabad,3.0,15223,45669.0,12
2613,2025-11-05,Laptop,Electronics,Chennai,1.0,55270,55270.0,11
2614,2025-09-17,Bottle,Accessories,Hyderabad,5.0,444,2220.0,9
2615,2025-05-30,Mouse,Electronics,Ahmedabad,5.0,517,2585.0,5
2616,2025-10-26,Keyboard,Electronics,Ahmedabad,5.0,1144,5720.0,10
2617,2025-10-29,Table,Furniture,Hyderabad,1.0,7169,7169.0,10
2618,2025-03-03,Monitor,Electronics,Chennai,3.0,8402,25206.0,3
2619,2025-01-23,Monitor,Electronics,Bangalore,5.0,8533,42665.0,1
2620,2025-07-14,Bottle,Accessories,Ahmedabad,1.0,446,446.0,7
2621,2025-08-12,Keyboard,Electronics,Hyderabad,3.0,1333,3999.0,8
2622,2025-02-13,Mouse,Electronics,Mumbai,1.0,756,756.0,2
2623,2025-06-20,Mouse,Electronics,Hyderabad,1.0,618,618.0,6
2624,2025-09-11,Chair,Furniture,Ahmedabad,1.0,3411,3411.0,9
2625,2025-10-26,Bottle,Accessories,Pune,2.0,307,614.0,10
2626,2025-01-21,Notebook,Stationery,Chennai,3.0,333,999.0,1
2627,2025-04-13,Laptop,Electronics,Ahmedabad,5.0,54927,274635.0,4
2628,2025-07-19,Mouse,Electronics,Ahmedabad,4.0,423,1692.0,7
2629,2025-04-28,Bag,Accessories,Chennai,2.0,1469,2938.0,4
2630,2025-06-21,Chair,Furniture,Pune,5.0,3672,18360.0,6
2631,2025-12-16,Laptop,Electronics,Kolkata,2.0,55071,110142.0,12
2632,2025-08-13,Notebook,Stationery,Delhi,4.0,144,576.0,8
2633,2025-04-20,Bottle,Accessories,Kolkata,2.0,545,1090.0,4
2634,2025-02-12,Keyboard,Electronics,Bangalore,3.0,1256,3768.0,2
2635,2025-02-08,Keyboard,Electronics,Ahmedabad,4.0,1118,4472.0,2
2636,2025-09-07,Chair,Furniture,Bangalore,5.0,3741,18705.0,9
2637,2025-07-13,Bottle,Accessories,Mumbai,3.0,297,891.0,7
2638,2025-11-15,Bag,Accessories,Chennai,3.0,1191,3573.0,11
2639,2025-09-02,Bottle,Accessories,Bangalore,5.0,416,2080.0,9
2640,2025-11-10,Monitor,Electronics,Mumbai,5.0,8679,43395.0,11
2641,2025-10-29,Pen,Stationery,Hyderabad,5.0,202,1010.0,10
2642,2025-08-12,Bag,Accessories,Hyderabad,3.0,1362,4086.0,8
2643,2025-03-22,Printer,Electronics,Delhi,2.0,9682,19364.0,3
2644,2025-02-17,Bag,Accessories,Ahmedabad,5.0,1292,6460.0,2
2645,2025-02-08,Pen,Stationery,Delhi,3.0,80,240.0,2
2646,2025-01-19,Table,Furniture,Chennai,2.0,7146,14292.0,1
2647,2025-04-07,Notebook,Stationery,Delhi,2.0,29,58.0,4
2648,2025-12-04,Sofa,Furniture,Kolkata,3.0,14902,44706.0,12
2649,2025-01-20,Monitor,Electronics,Ahmedabad,3.0,8620,25860.0,1
2650,2025-03-16,Chair,Furniture,Pune,2.0,3685,7370.0,3
2651,2025-09-14,Bag,Accessories,Mumbai,3.0,1395,4185.0,9
2652,2025-06-28,Notebook,Stationery,Ahmedabad,5.0,247,1235.0,6
2653,2025-07-22,Mouse,Electronics,Delhi,3.0,670,2010.0,7
2654,2025-03-19,Bottle,Accessories,Pune,2.0,595,1190.0,3
2655,2025-07-05,Sofa,Furniture,Ahmedabad,5.0,15009,75045.0,7
2656,2025-01-07,Laptop,Electronics,Pune,5.0,55132,275660.0,1
2657,2025-01-26,Pen,Stationery,Bangalore,2.0,41,82.0,1
2658,2025-11-29,Printer,Electronics,Mumbai,3.0,9660,28980.0,11
2659,2025-06-19,Sofa,Furniture,Ahmedabad,5.0,14903,74515.0,6
2660,2025-11-10,Sofa,Furniture,Delhi,4.0,14903,59612.0,11
2661,2025-07-15,Laptop,Electronics,Chennai,4.0,55177,220708.0,7
2662,2025-01-30,Bag,Accessories,Mumbai,4.0,1285,5140.0,1
2663,2025-07-08,Table,Furniture,Hyderabad,3.0,7102,21306.0,7
2664,2025-10-16,Bottle,Accessories,Kolkata,1.0,312,312.0,10
2665,2025-12-17,Notebook,Stationery,Mumbai,4.0,217,868.0,12
2666,2025-01-19,Bottle,Accessories,Mumbai,4.0,388,1552.0,1
2667,2025-08-19,Keyboard,Electronics,Ahmedabad,3.0,1139,3417.0,8
2668,2025-10-08,Chair,Furniture,Kolkata,1.0,3731,3731.0,10
2669,2025-12-27,Chair,Furniture,Ahmedabad,3.0,3571,10713.0,12
2670,2025-02-10,Laptop,Electronics,Chennai,4.0,54919,219676.0,2
2671,2025-08-03,Bag,Accessories,Hyderabad,3.0,1181,3543.0,8
2672,2025-07-16,Laptop,Electronics,Mumbai,3.0,55154,165462.0,7
2673,2025-06-15,Laptop,Electronics,Pune,1.0,55186,55186.0,6
2674,2025-12-02,Bottle,Accessories,Bangalore,1.0,482,482.0,12
2675,2025-12-16,Bottle,Accessories,Ahmedabad,4.0,405,1620.0,12
2676,2025-07-05,Bottle,Accessories,Bangalore,2.0,213,426.0,7
2677,2025-04-05,Mouse,Electronics,Delhi,5.0,590,2950.0,4
2678,2025-08-31,Bag,Accessories,Ahmedabad,3.0,1294,3882.0,8
2679,2025-01-09,Bottle,Accessories,Kolkata,1.0,586,586.0,1
2680,2025-09-25,Bottle,Accessories,Mumbai,3.0,470,1410.0,9
2681,2025-05-13,Printer,Electronics,Delhi,4.0,9679,38716.0,5
2682,2025-02-03,Monitor,Electronics,Pune,5.0,8692,43460.0,2
2683,2025-09-23,Keyboard,Electronics,Chennai,1.0,1177,1177.0,9
2684,2025-07-28,Table,Furniture,Pune,4.0,7237,28948.0,7
2685,2025-01-13,Bag,Accessories,Bangalore,2.0,1289,2578.0,1
2686,2025-10-09,Bag,Accessories,Bangalore,4.0,1426,5704.0,10
2687,2025-02-01,Pen,Stationery,Delhi,5.0,21,105.0,2
2688,2025-01-26,Laptop,Electronics,Kolkata,4.0,55150,220600.0,1
2689,2025-06-19,Bottle,Accessories,Kolkata,4.0,355,1420.0,6
2690,2025-04-19,Laptop,Electronics,Chennai,1.0,55136,55136.0,4
2691,2025-05-16,Bottle,Accessories,Bangalore,2.0,488,976.0,5
2692,2025-09-30,Notebook,Stationery,Delhi,1.0,275,275.0,9
2693,2025-12-06,Notebook,Stationery,Mumbai,3.0,51,153.0,12
2694,2025-03-01,Bag,Accessories,Delhi,2.0,1196,2392.0,3
2695,2025-10-06,Mouse,Electronics,Delhi,1.0,711,711.0,10
2696,2025-08-20,Printer,Electronics,Chennai,1.0,9695,9695.0,8
2697,2025-07-16,Monitor,Electronics,Pune,5.0,8674,43370.0,7
2698,2025-07-17,Chair,Furniture,Chennai,4.0,3606,14424.0,7
2699,2025-06-01,Keyboard,Electronics,Bangalore,4.0,1249,4996.0,6
2700,2025-02-08,Table,Furniture,Bangalore,2.0,7067,14134.0,2
2701,2025-09-22,Keyboard,Electronics,Hyderabad,2.0,1330,2660.0,9
2702,2025-12-20,Pen,Stationery,Chennai,2.0,295,590.0,12
2703,2025-12-12,Mouse,Electronics,Mumbai,4.0,771,3084.0,12
2704,2025-09-30,Bottle,Accessories,Delhi,2.0,561,1122.0,9
2705,2025-12-07,Bag,Accessories,Chennai,2.0,1394,2788.0,12
2706,2025-08-08,Mouse,Electronics,Mumbai,3.0,784,2352.0,8
2707,2025-05-07,Bag,Accessories,Bangalore,1.0,1459,1459.0,5
2708,2025-11-25,Notebook,Stationery,Chennai,3.0,79,237.0,11
2709,2025-01-21,Chair,Furniture,Hyderabad,1.0,3468,3468.0,1
2710,2025-04-17,Keyboard,Electronics,Bangalore,2.0,1244,2488.0,4
2711,2025-12-28,Pen,Stationery,Bangalore,4.0,217,868.0,12
2712,2025-04-12,Notebook,Stationery,Hyderabad,1.0,-17,-17.0,4
2713,2025-09-25,Printer,Electronics,Bangalore,5.0,9462,47310.0,9
2714,2025-12-27,Chair,Furniture,Delhi,1.0,3477,3477.0,12
2715,2025-08-07,Bottle,Accessories,Delhi,2.0,243,486.0,8
2716,2025-02-24,Sofa,Furniture,Hyderabad,5.0,15258,76290.0,2
2717,2025-10-29,Keyboard,Electronics,Kolkata,2.0,1335,2670.0,10
2718,2025-06-15,Sofa,Furniture,Mumbai,4.0,15067,60268.0,6
2719,2025-08-27,Monitor,Electronics,Hyderabad,1.0,8715,8715.0,8
2720,2025-07-20,Keyboard,Electronics,Pune,3.0,1392,4176.0,7
2721,2025-07-27,Bag,Accessories,Chennai,4.0,1456,5824.0,7
2722,2025-07-11,Keyboard,Electronics,Pune,5.0,1378,6890.0,7
2723,2025-11-30,Table,Furniture,Chennai,3.0,7102,21306.0,11
2724,2025-01-19,Monitor,Electronics,Mumbai,4.0,8557,34228.0,1
2725,2025-03-06,Table,Furniture,Chennai,2.0,7242,14484.0,3
2726,2025-11-22,Mouse,Electronics,Chennai,5.0,740,3700.0,11
2727,2025-05-28,Notebook,Stationery,Delhi,1.0,101,101.0,5
2728,2025-07-08,Mouse,Electronics,Mumbai,1.0,782,782.0,7
2729,2025-03-14,Bag,Accessories,Kolkata,2.0,1467,2934.0,3
2730,2025-09-11,Monitor,Electronics,Delhi,4.0,8789,35156.0,9
2731,2025-10-29,Chair,Furniture,Pune,2.0,3687,7374.0,10
2732,2025-05-29,Bottle,Accessories,Delhi,5.0,531,2655.0,5
2733,2025-01-27,Sofa,Furniture,Ahmedabad,5.0,15155,75775.0,1
2734,2025-02-16,Monitor,Electronics,Hyderabad,4.0,8536,34144.0,2
2735,2025-08-30,Pen,Stationery,Ahmedabad,2.0,27,54.0,8
2736,2025-07-07,Laptop,Electronics,Kolkata,1.0,55002,55002.0,7
2737,2026-01-01,Mouse,Electronics,Chennai,2.0,783,1566.0,1
2738,2025-02-20,Keyboard,Electronics,Kolkata,2.0,1487,2974.0,2
2739,2025-11-09,Sofa,Furniture,Chennai,5.0,14919,74595.0,11
2740,2025-08-28,Bottle,Accessories,Chennai,5.0,377,1885.0,8
2741,2025-09-19,Keyboard,Electronics,Bangalore,3.0,1335,4005.0,9
2742,2025-02-28,Pen,Stationery,Pune,5.0,295,1475.0,2
2743,2025-05-01,Table,Furniture,Chennai,5.0,7067,35335.0,5
2744,2025-07-23,Table,Furniture,Mumbai,1.0,7098,7098.0,7
2745,2025-12-20,Sofa,Furniture,Bangalore,5.0,15032,75160.0,12
2746,2025-06-28,Keyboard,Electronics,Chennai,4.0,1279,5116.0,6
2747,2025-04-13,Table,Furniture,Chennai,5.0,7206,36030.0,4
2748,2025-06-17,Monitor,Electronics,Pune,2.0,8456,16912.0,6
2749,2025-05-12,Laptop,Electronics,Delhi,1.0,55238,55238.0,5
2750,2025-12-04,Bag,Accessories,Kolkata,3.0,1318,3954.0,12
2751,2025-11-18,Chair,Furniture,Kolkata,4.0,3626,14504.0,11
2752,2025-05-13,Notebook,Stationery,Kolkata,1.0,196,196.0,5
2753,2025-02-04,Bag,Accessories,Mumbai,4.0,1142,4568.0,2
2754,2025-03-25,Monitor,Electronics,Mumbai,4.0,8532,34128.0,3
2755,2025-04-24,Bag,Accessories,Chennai,5.0,1288,6440.0,4
2756,2025-06-22,Chair,Furniture,Pune,4.0,3613,14452.0,6
2757,2025-09-13,Pen,Stationery,Chennai,1.0,202,202.0,9
2758,2025-06-15,Keyboard,Electronics,Mumbai,4.0,1305,5220.0,6
2759,2025-05-10,Table,Furniture,Pune,5.0,7271,36355.0,5
2760,2025-05-19,Sofa,Furniture,Bangalore,1.0,14915,14915.0,5
2761,2025-08-24,Pen,Stationery,Mumbai,4.0,74,296.0,8
2762,2025-03-12,Table,Furniture,Ahmedabad,2.0,7035,14070.0,3
2763,2025-06-01,Chair,Furniture,Hyderabad,3.0,3712,11136.0,6
2764,2025-07-29,Laptop,Electronics,Hyderabad,5.0,55082,275410.0,7
2765,2025-04-21,Printer,Electronics,Ahmedabad,3.0,9777,29331.0,4
2766,2025-07-15,Mouse,Electronics,Pune,2.0,550,1100.0,7
2767,2025-02-22,Bag,Accessories,Ahmedabad,4.0,1172,4688.0,2
2768,2025-04-24,Chair,Furniture,Mumbai,4.0,3710,14840.0,4
2769,2025-06-05,Printer,Electronics,Pune,5.0,9693,48465.0,6
2770,2025-07-09,Pen,Stationery,Kolkata,5.0,24,120.0,7
2771,2025-06-12,Laptop,Electronics,Pune,3.0,54922,164766.0,6
2772,2025-09-02,Pen,Stationery,Hyderabad,2.0,188,376.0,9
2773,2025-08-15,Bag,Accessories,Kolkata,2.0,1114,2228.0,8
2774,2025-07-24,Printer,Electronics,Mumbai,4.0,9510,38040.0,7
2775,2025-07-04,Bottle,Accessories,Kolkata,4.0,583,2332.0,7
2776,2025-04-26,Chair,Furniture,Kolkata,3.0,3707,11121.0,4
2777,2025-03-30,Printer,Electronics,Pune,5.0,9585,47925.0,3
2778,2025-08-10,Monitor,Electronics,Mumbai,1.0,8551,8551.0,8
2779,2025-06-27,Printer,Electronics,Mumbai,2.0,9475,18950.0,6
2780,2025-10-22,Keyboard,Electronics,Ahmedabad,5.0,1180,5900.0,10
2781,2025-12-23,Bag,Accessories,Pune,5.0,1112,5560.0,12
2782,2025-11-27,Bottle,Accessories,Chennai,2.0,555,1110.0,11
2783,2025-08-04,Bottle,Accessories,Hyderabad,2.0,545,1090.0,8
2784,2025-03-30,Printer,Electronics,Bangalore,3.0,9406,28218.0,3
2785,2025-04-13,Laptop,Electronics,Ahmedabad,3.0,55033,165099.0,4
2786,2025-09-25,Chair,Furniture,Delhi,5.0,3412,17060.0,9
2787,2025-03-16,Notebook,Stationery,Delhi,1.0,19,19.0,3
2788,2025-01-13,Printer,Electronics,Kolkata,3.0,9405,28215.0,1
2789,2025-03-04,Chair,Furniture,Ahmedabad,2.0,3794,7588.0,3
2790,2025-10-03,Laptop,Electronics,Kolkata,4.0,54962,219848.0,10
2791,2025-10-28,Bottle,Accessories,Chennai,4.0,370,1480.0,10
2792,2025-12-09,Laptop,Electronics,Hyderabad,4.0,54989,219956.0,12
2793,2025-05-14,Monitor,Electronics,Bangalore,2.0,8662,17324.0,5
2794,2025-09-28,Laptop,Electronics,Mumbai,5.0,54988,274940.0,9
2795,2025-11-27,Keyboard,Electronics,Bangalore,3.0,1482,4446.0,11
2796,2025-05-11,Chair,Furniture,Ahmedabad,2.0,3527,7054.0,5
2797,2025-08-26,Laptop,Electronics,Hyderabad,2.0,55063,110126.0,8
2798,2025-08-25,Chair,Furniture,Hyderabad,4.0,3605,14420.0,8
2799,2025-12-20,Printer,Electronics,Bangalore,5.0,9640,48200.0,12
2800,2025-01-05,Sofa,Furniture,Delhi,1.0,15247,15247.0,1
2801,2025-05-29,Sofa,Furniture,Pune,2.0,15292,30584.0,5
2802,2025-06-06,Notebook,Stationery,Pune,1.0,85,85.0,6
2803,2025-06-20,Table,Furniture,Mumbai,4.0,7237,28948.0,6
2804,2025-04-10,Table,Furniture,Hyderabad,1.0,6940,6940.0,4
2805,2025-09-28,Keyboard,Electronics,Chennai,4.0,1254,5016.0,9
2806,2025-11-07,Pen,Stationery,Delhi,2.0,223,446.0,11
2807,2025-04-23,Chair,Furniture,Kolkata,5.0,3784,18920.0,4
2808,2025-08-15,Mouse,Electronics,Bangalore,5.0,471,2355.0,8
2809,2025-04-24,Mouse,Electronics,Pune,1.0,597,597.0,4
2810,2025-11-12,Sofa,Furniture,Delhi,2.0,15283,30566.0,11
2811,2025-07-03,Bag,Accessories,Ahmedabad,3.0,1347,4041.0,7
2812,2025-02-16,Monitor,Electronics,Bangalore,1.0,8763,8763.0,2
2813,2025-10-01,Monitor,Electronics,Bangalore,5.0,8578,42890.0,10
2814,2025-11-13,Laptop,Electronics,Hyderabad,5.0,55118,275590.0,11
2815,2025-03-30,Mouse,Electronics,Hyderabad,1.0,556,556.0,3
2816,2025-04-17,Chair,Furniture,Delhi,4.0,3692,14768.0,4
2817,2025-11-13,Bag,Accessories,Mumbai,2.0,1296,2592.0,11
2818,2025-10-17,Printer,Electronics,Mumbai,2.0,9673,19346.0,10
2819,2025-04-24,Notebook,Stationery,Kolkata,2.0,64,128.0,4
2820,2025-05-01,Monitor,Electronics,Ahmedabad,4.0,8589,34356.0,5
2821,2025-06-13,Bag,Accessories,Kolkata,5.0,1349,6745.0,6
2822,2025-12-04,Mouse,Electronics,Delhi,2.0,687,1374.0,12
2823,2025-06-25,Chair,Furniture,Bangalore,5.0,3432,17160.0,6
2824,2025-08-31,Notebook,Stationery,Kolkata,3.0,24,72.0,8
2825,2025-05-15,Sofa,Furniture,Chennai,4.0,15205,60820.0,5
2826,2025-08-30,Chair,Furniture,Kolkata,5.0,3750,18750.0,8
2827,2025-05-25,Notebook,Stationery,Chennai,4.0,230,920.0,5
2828,2025-08-02,Pen,Stationery,Chennai,3.0,280,840.0,8
2829,2025-04-29,Bag,Accessories,Kolkata,4.0,1161,4644.0,4
2830,2025-03-18,Printer,Electronics,Pune,2.0,9576,19152.0,3
2831,2025-04-06,Monitor,Electronics,Mumbai,3.0,8759,26277.0,4
2832,2025-02-01,Keyboard,Electronics,Ahmedabad,5.0,1495,7475.0,2
2833,2025-05-09,Pen,Stationery,Chennai,4.0,276,1104.0,5
2834,2025-05-21,Sofa,Furniture,Bangalore,4.0,15031,60124.0,5
2835,2025-08-14,Keyboard,Electronics,Hyderabad,2.0,1302,2604.0,8
2836,2025-09-10,Sofa,Furniture,Pune,2.0,15224,30448.0,9
2837,2025-01-07,Printer,Electronics,Pune,5.0,9400,47000.0,1
2838,2025-03-19,Bag,Accessories,Mumbai,1.0,1186,1186.0,3
2839,2025-05-13,Table,Furniture,Chennai,3.0,7000,21000.0,5
2840,2025-04-04,Table,Furniture,Pune,1.0,7284,7284.0,4
2841,2025-11-05,Chair,Furniture,Bangalore,4.0,3657,14628.0,11
2842,2025-06-22,Chair,Furniture,Chennai,4.0,3427,13708.0,6
2843,2025-04-11,Printer,Electronics,Ahmedabad,5.0,9633,48165.0,4
2844,2025-05-09,Keyboard,Electronics,Mumbai,2.0,1104,2208.0,5
2845,2025-12-14,Pen,Stationery,Hyderabad,3.0,39,117.0,12
2846,2025-11-14,Keyboard,Electronics,Hyderabad,4.0,1116,4464.0,11
2847,2025-07-18,Table,Furniture,Ahmedabad,2.0,7100,14200.0,7
2848,2025-10-15,Monitor,Electronics,Hyderabad,5.0,8527,42635.0,10
2849,2025-12-05,Keyboard,Electronics,Pune,1.0,1302,1302.0,12
2850,2025-09-08,Mouse,Electronics,Hyderabad,2.0,462,924.0,9
2851,2025-01-21,Bag,Accessories,Pune,1.0,1431,1431.0,1
2852,2025-07-13,Keyboard,Electronics,Bangalore,5.0,1471,7355.0,7
2853,2025-02-02,Pen,Stationery,Mumbai,4.0,180,720.0,2
2854,2025-04-06,Bottle,Accessories,Hyderabad,1.0,539,539.0,4
2855,2025-06-14,Chair,Furniture,Pune,3.0,3704,11112.0,6
2856,2025-04-16,Keyboard,Electronics,Chennai,5.0,1275,6375.0,4
2857,2025-07-21,Notebook,Stationery,Bangalore,4.0,194,776.0,7
2858,2025-08-03,Monitor,Electronics,Chennai,2.0,8483,16966.0,8
2859,2025-12-08,Chair,Furniture,Pune,3.0,3727,11181.0,12
2860,2025-07-17,Chair,Furniture,Chennai,2.0,3732,7464.0,7
2861,2025-09-15,Mouse,Electronics,Chennai,2.0,599,1198.0,9
2862,2025-06-02,Chair,Furniture,Ahmedabad,1.0,3710,3710.0,6
2863,2025-04-28,Bag,Accessories,Kolkata,3.0,1474,4422.0,4
2864,2025-06-19,Bag,Accessories,Ahmedabad,3.0,1387,4161.0,6
2865,2025-12-08,Chair,Furniture,Ahmedabad,1.0,3511,3511.0,12
2866,2025-02-24,Keyboard,Electronics,Delhi,2.0,1133,2266.0,2
2867,2025-08-19,Notebook,Stationery,Delhi,5.0,178,890.0,8
2868,2025-10-02,Chair,Furniture,Delhi,2.0,3644,7288.0,10
2869,2025-04-02,Monitor,Electronics,Pune,5.0,8703,43515.0,4
2870,2025-11-24,Bottle,Accessories,Kolkata,2.0,578,1156.0,11
2871,2025-12-02,Bag,Accessories,Delhi,3.0,1337,4011.0,12
2872,2025-10-28,Keyboard,Electronics,Delhi,2.0,1118,2236.0,10
2873,2025-12-26,Keyboard,Electronics,Pune,4.0,1206,4824.0,12
2874,2025-05-26,Laptop,Electronics,Ahmedabad,5.0,54906,274530.0,5
2875,2025-09-27,Notebook,Stationery,Kolkata,5.0,260,1300.0,9
2876,2025-01-14,Chair,Furniture,Chennai,4.0,3553,14212.0,1
2877,2025-05-21,Laptop,Electronics,Hyderabad,2.0,55109,110218.0,5
2878,2025-05-30,Chair,Furniture,Hyderabad,1.0,3472,3472.0,5
2879,2025-11-27,Table,Furniture,Kolkata,2.0,6949,13898.0,11
2880,2025-06-23,Mouse,Electronics,Hyderabad,2.0,520,1040.0,6
2881,2025-01-05,Keyboard,Electronics,Pune,3.0,1476,4428.0,1
2882,2025-01-05,Monitor,Electronics,Chennai,3.0,8428,25284.0,1
2883,2025-12-21,Sofa,Furniture,Chennai,3.0,15117,45351.0,12
2884,2025-06-29,Bottle,Accessories,Bangalore,5.0,406,2030.0,6
2885,2025-10-06,Printer,Electronics,Delhi,1.0,9710,9710.0,10
2886,2025-05-31,Table,Furniture,Bangalore,5.0,7196,35980.0,5
2887,2025-11-10,Mouse,Electronics,Pune,2.0,414,828.0,11
2888,2025-12-02,Monitor,Electronics,Kolkata,1.0,8429,8429.0,12
2889,2025-05-02,Printer,Electronics,Kolkata,1.0,9526,9526.0,5
2890,2025-02-22,Table,Furniture,Hyderabad,5.0,7285,36425.0,2
2891,2025-08-17,Monitor,Electronics,Chennai,5.0,8617,43085.0,8
2892,2025-04-15,Notebook,Stationery,Bangalore,5.0,258,1290.0,4
2893,2025-04-06,Sofa,Furniture,Chennai,4.0,15179,60716.0,4
2894,2025-12-26,Bag,Accessories,Pune,4.0,1316,5264.0,12
2895,2025-03-07,Bag,Accessories,Mumbai,1.0,1331,1331.0,3
2896,2025-09-20,Mouse,Electronics,Ahmedabad,2.0,565,1130.0,9
2897,2025-07-05,Mouse,Electronics,Hyderabad,2.0,696,1392.0,7
2898,2025-05-19,Mouse,Electronics,Mumbai,5.0,753,3765.0,5
2899,2025-08-18,Pen,Stationery,Delhi,4.0,175,700.0,8
2900,2025-07-17,Keyboard,Electronics,Bangalore,5.0,1191,5955.0,7
2901,2025-09-19,Bottle,Accessories,Hyderabad,5.0,236,1180.0,9
2902,2025-01-22,Printer,Electronics,Hyderabad,3.0,9756,29268.0,1
2903,2025-11-29,Chair,Furniture,Chennai,1.0,3725,3725.0,11
2904,2025-01-20,Bottle,Accessories,Chennai,1.0,243,243.0,1
2905,2025-11-25,Sofa,Furniture,Hyderabad,2.0,14990,29980.0,11
2906,2025-02-19,Sofa,Furniture,Delhi,1.0,14977,14977.0,2
2907,2025-12-02,Pen,Stationery,Mumbai,5.0,-40,-200.0,12
2908,2025-12-04,Mouse,Electronics,Delhi,5.0,405,2025.0,12
2909,2025-09-19,Printer,Electronics,Pune,1.0,9595,9595.0,9
2910,2025-11-27,Table,Furniture,Bangalore,3.0,7147,21441.0,11
2911,2025-03-08,Chair,Furniture,Delhi,3.0,3526,10578.0,3
2912,2025-03-12,Laptop,Electronics,Chennai,2.0,54979,109958.0,3
2913,2025-06-25,Notebook,Stationery,Pune,3.0,180,540.0,6
2914,2025-06-12,Bag,Accessories,Chennai,4.0,1431,5724.0,6
2915,2025-07-28,Printer,Electronics,Chennai,4.0,9615,38460.0,7
2916,2025-05-20,Notebook,Stationery,Mumbai,1.0,105,105.0,5
2917,2025-01-12,Bag,Accessories,Bangalore,2.0,1277,2554.0,1
2918,2025-02-06,Keyboard,Electronics,Ahmedabad,1.0,1292,1292.0,2
2919,2025-04-20,Printer,Electronics,Hyderabad,4.0,9744,38976.0,4
2920,2025-10-21,Notebook,Stationery,Chennai,5.0,231,1155.0,10
2921,2025-01-04,Monitor,Electronics,Chennai,2.0,8777,17554.0,1
2922,2025-04-01,Bottle,Accessories,Pune,1.0,570,570.0,4
2923,2025-09-18,Printer,Electronics,Pune,4.0,9670,38680.0,9
2924,2025-02-06,Monitor,Electronics,Chennai,5.0,8713,43565.0,2
2925,2025-01-03,Notebook,Stationery,Bangalore,2.0,95,190.0,1
2926,2025-10-10,Chair,Furniture,Hyderabad,4.0,3738,14952.0,10
2927,2025-03-13,Monitor,Electronics,Hyderabad,1.0,8561,8561.0,3
2928,2025-02-25,Chair,Furniture,Ahmedabad,3.0,3765,11295.0,2
2929,2025-12-26,Monitor,Electronics,Hyderabad,5.0,8563,42815.0,12
2930,2025-03-02,Bottle,Accessories,Chennai,5.0,586,2930.0,3
2931,2025-10-07,Table,Furniture,Chennai,4.0,7167,28668.0,10
2932,2025-12-30,Notebook,Stationery,Hyderabad,1.0,212,212.0,12
2933,2025-05-21,Sofa,Furniture,Hyderabad,5.0,15067,75335.0,5
2934,2025-12-15,Bag,Accessories,Delhi,2.0,1393,2786.0,12
2935,2025-11-13,Sofa,Furniture,Delhi,5.0,14964,74820.0,11
2936,2025-06-01,Bag,Accessories,Pune,3.0,1445,4335.0,6
2937,2025-12-14,Laptop,Electronics,Hyderabad,4.0,55171,220684.0,12
2938,2025-07-10,Laptop,Electronics,Hyderabad,2.0,54905,109810.0,7
2939,2025-05-08,Monitor,Electronics,Pune,3.0,8716,26148.0,5
2940,2025-11-11,Laptop,Electronics,Bangalore,4.0,55251,221004.0,11
2941,2025-09-12,Keyboard,Electronics,Kolkata,4.0,1142,4568.0,9
2942,2025-09-21,Chair,Furniture,Ahmedabad,1.0,3730,3730.0,9
2943,2025-05-24,Sofa,Furniture,Kolkata,2.0,14939,29878.0,5
2944,2025-09-03,Laptop,Electronics,Kolkata,3.0,55108,165324.0,9
2945,2025-09-06,Keyboard,Electronics,Ahmedabad,4.0,1428,5712.0,9
2946,2025-03-04,Bag,Accessories,Delhi,5.0,1218,6090.0,3
2947,2025-04-05,Bottle,Accessories,Kolkata,3.0,495,1485.0,4
2948,2025-10-22,Notebook,Stationery,Chennai,5.0,101,505.0,10
2949,2025-03-29,Sofa,Furniture,Kolkata,5.0,15172,75860.0,3
2950,2025-06-15,Chair,Furniture,Delhi,4.0,3443,13772.0,6
2951,2025-11-15,Laptop,Electronics,Delhi,1.0,55112,55112.0,11
2952,2025-10-19,Pen,Stationery,Hyderabad,3.0,234,702.0,10
2953,2025-03-18,Bag,Accessories,Mumbai,3.0,1149,3447.0,3
2954,2025-08-03,Bag,Accessories,Kolkata,3.0,1409,4227.0,8
2955,2025-04-22,Monitor,Electronics,Ahmedabad,3.0,8514,25542.0,4
2956,2025-10-01,Table,Furniture,Bangalore,3.0,7097,21291.0,10
2957,2025-04-12,Table,Furniture,Mumbai,3.0,7009,21027.0,4
2958,2025-06-19,Chair,Furniture,Chennai,3.0,3572,10716.0,6
2959,2025-08-22,Pen,Stationery,Kolkata,5.0,35,175.0,8
2960,2025-11-25,Mouse,Electronics,Delhi,2.0,576,1152.0,11
2961,2025-02-13,Table,Furniture,Hyderabad,3.0,6985,20955.0,2
2962,2025-08-06,Chair,Furniture,Bangalore,3.0,3501,10503.0,8
2963,2025-03-16,Bag,Accessories,Kolkata,2.0,1359,2718.0,3
2964,2025-06-29,Mouse,Electronics,Hyderabad,2.0,550,1100.0,6
2965,2025-03-03,Chair,Furniture,Mumbai,5.0,3462,17310.0,3
2966,2025-08-09,Sofa,Furniture,Pune,2.0,15265,30530.0,8
2967,2025-08-21,Bottle,Accessories,Mumbai,3.0,449,1347.0,8
2968,2025-08-31,Monitor,Electronics,Kolkata,4.0,8679,34716.0,8
2969,2025-02-12,Printer,Electronics,Mumbai,4.0,9648,38592.0,2
2970,2025-10-19,Table,Furniture,Hyderabad,1.0,7215,7215.0,10
2971,2025-09-15,Bottle,Accessories,Chennai,3.0,343,1029.0,9
2972,2025-02-05,Sofa,Furniture,Pune,3.0,15167,45501.0,2
2973,2025-07-22,Bottle,Accessories,Hyderabad,2.0,403,806.0,7
2974,2025-09-16,Bottle,Accessories,Bangalore,4.0,535,2140.0,9
2975,2025-05-13,Printer,Electronics,Delhi,4.0,9781,39124.0,5
2976,2025-08-13,Printer,Electronics,Bangalore,4.0,9619,38476.0,8
2977,2025-09-20,Mouse,Electronics,Bangalore,1.0,649,649.0,9
2978,2025-04-18,Mouse,Electronics,Chennai,4.0,655,2620.0,4
2979,2025-06-05,Laptop,Electronics,Kolkata,4.0,55071,220284.0,6
2980,2025-04-09,Pen,Stationery,Kolkata,1.0,-38,-38.0,4
2981,2025-10-01,Pen,Stationery,Hyderabad,5.0,308,1540.0,10
2982,2025-10-19,Notebook,Stationery,Chennai,5.0,287,1435.0,10
2983,2025-09-21,Pen,Stationery,Bangalore,5.0,-72,-360.0,9
2984,2025-10-02,Chair,Furniture,Mumbai,2.0,3591,7182.0,10
2985,2025-10-30,Keyboard,Electronics,Kolkata,2.0,1347,2694.0,10
2986,2025-01-05,Pen,Stationery,Mumbai,2.0,7,14.0,1
2987,2025-05-03,Bottle,Accessories,Bangalore,2.0,419,838.0,5
2988,2025-02-19,Monitor,Electronics,Delhi,4.0,8432,33728.0,2
2989,2025-01-31,Pen,Stationery,Chennai,5.0,89,445.0,1
2990,2025-08-24,Laptop,Electronics,Hyderabad,1.0,55216,55216.0,8
2991,2025-01-03,Mouse,Electronics,Mumbai,2.0,427,854.0,1
2992,2025-02-26,Sofa,Furniture,Pune,5.0,15008,75040.0,2
2993,2025-02-25,Keyboard,Electronics,Pune,5.0,1320,6600.0,2
2994,2025-04-26,Bag,Accessories,Kolkata,1.0,1126,1126.0,4
2995,2025-09-14,Keyboard,Electronics,Pune,2.0,1227,2454.0,9
2996,2025-12-26,Sofa,Furniture,Ahmedabad,4.0,15124,60496.0,12
2997,2025-02-27,Notebook,Stationery,Ahmedabad,3.0,160,480.0,2
2998,2025-04-25,Chair,Furniture,Delhi,3.0,3590,10770.0,4
2999,2025-10-18,Monitor,Electronics,Mumbai,2.0,8550,17100.0,10
3000,2025-05-29,Bag,Accessories,Kolkata,5.0,1220,6100.0,5
